solution_id,model_type,regularization,learning_rate,n_estimators,max_depth,class_weight_ratio,threshold,balanced_accuracy,dp_violation,model_complexity,demographic_parity,obj1_min,obj2_min,obj3_min
1,LogisticRegression,0.06081438403351859,0.06202201525634326,472,11,3.28024468035746,0.3388705975083074,0.5133052339079198,0.02392344497607657,0.09656073528323349,0.9760765550239234,0.4866947660920802,0.02392344497607657,0.09656073528323349
2,LogisticRegression,2.4370551632385427,0.016634919720361536,384,11,3.809936335948437,0.44379646048790206,0.5242636498777999,0.05864311127469024,0.055599482062086196,0.9413568887253098,0.47573635012220006,0.05864311127469024,0.055599482062086196
3,LogisticRegression,0.16821470258034152,0.11698629948348792,128,7,1.5082420506075391,0.6746919954946937,0.649998380263693,0.1675867991657465,0.08156185917769967,0.8324132008342535,0.35000161973630695,0.1675867991657465,0.08156185917769967
4,LogisticRegression,6.548060708583787,0.2651925093374426,194,2,1.1631005662190557,0.6621402567824255,0.6285404736108962,0.16844558949822108,0.05231457564509991,0.8315544105017789,0.37145952638910384,0.16844558949822108,0.05231457564509991
5,LogisticRegression,2.436109284179989,0.013207930223653687,362,11,4.268888800804863,0.5848716885390144,0.5698862225229733,0.13151760520181566,0.05560132172678904,0.8684823947981843,0.4301137774770267,0.13151760520181566,0.05560132172678904
6,LogisticRegression,2.4370551632385427,0.11698629948348792,384,15,3.809936335948437,0.44379646048790206,0.5242636498777999,0.05864311127469024,0.055599482062086196,0.9413568887253098,0.47573635012220006,0.05864311127469024,0.055599482062086196
7,LogisticRegression,0.12001913440860316,0.039230367060617145,420,7,3.4257162386383597,0.30367882064665186,0.5080500894454383,0.00920132499079862,0.08637366579618885,0.9907986750092014,0.4919499105545617,0.00920132499079862,0.08637366579618885
8,LogisticRegression,0.16821470258034152,0.11698629948348792,341,4,1.5082420506075391,0.6746919954946937,0.649998380263693,0.1675867991657465,0.08156185917769967,0.8324132008342535,0.35000161973630695,0.1675867991657465,0.08156185917769967
9,LogisticRegression,0.11444682032324735,0.1532742151313575,397,3,2.4338629141770904,0.34634762381005185,0.5266122675228473,0.06784443626548886,0.08706668325917154,0.9321555637345111,0.4733877324771527,0.06784443626548886,0.08706668325917154
10,LogisticRegression,2.4370551632385427,0.03757677325069149,362,11,4.268888800804863,0.44379646048790206,0.5221381959017072,0.03619187829714143,0.055599482062086196,0.9638081217028586,0.4778618040982928,0.03619187829714143,0.055599482062086196
11,LogisticRegression,6.548060708583787,0.2651925093374426,397,2,3.989883752535026,0.3601667564414113,0.5107334525939177,0.0161943319838056,0.05231457564509991,0.9838056680161944,0.48926654740608233,0.0161943319838056,0.05231457564509991
12,LogisticRegression,2.436109284179989,0.013207930223653687,195,11,4.268888800804863,0.5848716885390144,0.5698862225229733,0.13151760520181566,0.05560132172678904,0.8684823947981843,0.4301137774770267,0.13151760520181566,0.05560132172678904
13,LogisticRegression,0.06081438403351859,0.13428283846533368,346,9,3.28024468035746,0.4470863212237734,0.5349989021787254,0.09483498957183167,0.09656073528323349,0.9051650104281683,0.46500109782127463,0.09483498957183167,0.09656073528323349
14,LogisticRegression,8.56202011825092,0.007584983411141305,397,7,3.4230992774275486,0.3948907166943978,0.5230326502845337,0.038522880628143796,0.05179898331153404,0.9614771193718562,0.4769673497154663,0.038522880628143796,0.05179898331153404
15,RandomForest,0.06078752554331511,0.006296304808966361,61,2,1.1631005662190557,0.6621402567824255,0.5311853230294108,0.03337013863329653,0.3085555555555555,0.9666298613667035,0.4688146769705892,0.03337013863329653,0.3085555555555555
16,LogisticRegression,1.5014555442537663,0.11698629948348792,194,15,3.2864507578795994,0.41199163746411366,0.5240404862088452,0.060115323273218,0.05831292141366825,0.939884676726782,0.47595951379115475,0.060115323273218,0.05831292141366825
17,LogisticRegression,0.06081438403351859,0.13428283846533368,346,9,3.28024468035746,0.4470863212237734,0.5349989021787254,0.09483498957183167,0.09656073528323349,0.9051650104281683,0.46500109782127463,0.09483498957183167,0.09656073528323349
18,LogisticRegression,2.4370551632385427,0.013493332849990129,362,11,3.824968908625985,0.44379646048790206,0.5233691954949734,0.06023800760642872,0.055599482062086196,0.9397619923935713,0.4766308045050266,0.06023800760642872,0.055599482062086196
19,XGBoost,0.9469707381426531,0.1532742151313575,239,5,1.10140297366183,0.4470863212237734,0.6400208046130089,0.1999754631333579,0.5237058776162895,0.8000245368666421,0.3599791953869911,0.1999754631333579,0.5237058776162895
20,LogisticRegression,3.3644174907539033,0.052315370109572754,472,6,3.28024468035746,0.4505038342123663,0.5367878109443782,0.09949699423383629,0.05423806919353209,0.9005030057661637,0.4632121890556218,0.09949699423383629,0.05423806919353209
21,LogisticRegression,0.06081438403351859,0.006296304808966361,387,7,3.343102325093853,0.3536060913802563,0.5141996882907462,0.022328548644338087,0.09656073528323349,0.9776714513556619,0.48580031170925375,0.022328548644338087,0.09656073528323349
22,LogisticRegression,0.13218737536384087,0.22480885540443252,346,7,3.28024468035746,0.4395473066171981,0.5306382120990703,0.08636977058029693,0.0849769325743524,0.9136302294197031,0.46936178790092975,0.08636977058029693,0.0849769325743524
23,LogisticRegression,0.11444682032324735,0.13428283846533368,420,10,2.4338629141770904,0.34634762381005185,0.5266122675228473,0.06784443626548886,0.08706668325917154,0.9321555637345111,0.4733877324771527,0.06784443626548886,0.08706668325917154
24,LogisticRegression,0.12001913440860316,0.039230367060617145,362,7,3.4257162386383597,0.30367882064665186,0.5080500894454383,0.00920132499079862,0.08637366579618885,0.9907986750092014,0.4919499105545617,0.00920132499079862,0.08637366579618885
25,LogisticRegression,0.00014711676743602237,0.05156084902913773,61,8,1.391336642604006,0.5363571772752966,0.6404689316579262,0.2680652680652681,0.19371350398929577,0.7319347319347319,0.3595310683420738,0.2680652680652681,0.19371350398929577
26,LogisticRegression,0.6490728279563946,0.11299288210203001,445,10,1.8970772378422391,0.32072941472897076,0.5357817747270744,0.09397619923935707,0.06518532540189663,0.9060238007606429,0.46421822527292556,0.09397619923935707,0.06518532540189663
27,LogisticRegression,0.05346676975436892,0.06657411588229807,171,7,3.28024468035746,0.4589149162241469,0.539248010423903,0.10011041589988956,0.09854460649710439,0.8998895841001104,0.460751989576097,0.10011041589988956,0.09854460649710439
28,LogisticRegression,6.548060708583787,0.007584983411141305,397,2,3.989883752535026,0.3948907166943978,0.5141996882907462,0.022328548644338087,0.05231457564509991,0.9776714513556619,0.48580031170925375,0.022328548644338087,0.05231457564509991
29,LogisticRegression,6.685510162938969,0.05056642859468126,108,7,4.105651842967987,0.6728473129934449,0.6158489397926018,0.23076923076923084,0.05227015589802178,0.7692307692307692,0.3841510602073982,0.23076923076923084,0.05227015589802178
30,XGBoost,1.7624510039685515,0.21170799723773884,61,4,1.1437690951869683,0.4710164073434198,0.6607048372524953,0.2607042080726292,0.3621239421885242,0.7392957919273708,0.3392951627475047,0.2607042080726292,0.3621239421885242
31,XGBoost,1.7624510039685515,0.2160789291185542,230,3,1.10140297366183,0.4470863212237734,0.6590275103213197,0.24745430008587904,0.42997256435247955,0.7525456999141209,0.3409724896786803,0.24745430008587904,0.42997256435247955
32,LogisticRegression,1.7624510039685515,0.07565537914434298,289,3,1.0523778263533345,0.5904365334890647,0.6482094714980401,0.17077659182922342,0.05731907796765358,0.8292234081707766,0.3517905285019599,0.17077659182922342,0.05731907796765358
33,RandomForest,0.06078752554331511,0.006296304808966361,61,2,1.1631005662190557,0.6621402567824255,0.5311853230294108,0.03337013863329653,0.3085555555555555,0.9666298613667035,0.4688146769705892,0.03337013863329653,0.3085555555555555
34,LogisticRegression,0.06078752554331511,0.052315370109572754,91,6,1.1631005662190557,0.6621402567824255,0.6287636372798509,0.16304747883695253,0.09656751713302103,0.8369525211630475,0.37123636272014915,0.16304747883695253,0.09656751713302103
35,LogisticRegression,0.6490728279563946,0.11299288210203001,289,10,4.592217157762855,0.5904365334890647,0.5640713691810973,0.12403386087596613,0.06518532540189663,0.8759661391240339,0.43592863081890265,0.12403386087596613,0.06518532540189663
36,LogisticRegression,0.06081438403351859,0.0055866411670157205,91,6,3.343102325093853,0.3536060913802563,0.5141996882907462,0.022328548644338087,0.09656073528323349,0.9776714513556619,0.48580031170925375,0.022328548644338087,0.09656073528323349
37,XGBoost,0.0012878367369717515,0.21170799723773884,171,4,1.9242991863522856,0.6564572454792283,0.6569128545872731,0.2389890810943442,0.4232350532996353,0.7610109189056558,0.3430871454127269,0.2389890810943442,0.4232350532996353
38,LogisticRegression,0.2288040555175033,0.007584983411141305,91,7,1.0788421510174566,0.6802428587750224,0.606186312868265,0.11949454054717212,0.077375412216298,0.8805054594528279,0.39381368713173504,0.11949454054717212,0.077375412216298
39,LogisticRegression,0.00016830357865967816,0.009368110258225452,339,7,4.100531293444458,0.3416434327938295,0.5071556350626119,0.0068703226597963685,0.19152270363737817,0.9931296773402036,0.49284436493738815,0.0068703226597963685,0.19152270363737817
40,LogisticRegression,0.9990343636832111,0.1369060876012629,130,7,1.8970772378422391,0.32072941472897076,0.5357817747270744,0.09397619923935707,0.061296371091085856,0.9060238007606429,0.46421822527292556,0.09397619923935707,0.061296371091085856
41,LogisticRegression,0.017894545674847277,0.1532742151313575,247,4,1.6101561716570454,0.68505936587117,0.6522336163672554,0.16537848116795487,0.11581111465113889,0.8346215188320452,0.3477663836327446,0.16537848116795487,0.11581111465113889
42,LogisticRegression,0.6490728279563946,0.007263538628573666,445,8,1.8970772378422391,0.30367882064665186,0.5281780126195456,0.0779045515887622,0.06518532540189663,0.9220954484112378,0.47182198738045444,0.0779045515887622,0.06518532540189663
43,LogisticRegression,6.548060708583787,0.2651925093374426,397,2,3.989883752535026,0.3601667564414113,0.5107334525939177,0.0161943319838056,0.05231457564509991,0.9838056680161944,0.48926654740608233,0.0161943319838056,0.05231457564509991
44,LogisticRegression,0.2288040555175033,0.22480885540443252,346,7,1.0788421510174566,0.6802428587750224,0.606186312868265,0.11949454054717212,0.077375412216298,0.8805054594528279,0.39381368713173504,0.11949454054717212,0.077375412216298
45,LogisticRegression,0.2288040555175033,0.052315370109572754,91,6,1.0788421510174566,0.6802428587750224,0.606186312868265,0.11949454054717212,0.077375412216298,0.8805054594528279,0.39381368713173504,0.11949454054717212,0.077375412216298
46,LogisticRegression,0.6490728279563946,0.11299288210203001,289,10,4.592217157762855,0.5904365334890647,0.5640713691810973,0.12403386087596613,0.06518532540189663,0.8759661391240339,0.43592863081890265,0.12403386087596613,0.06518532540189663
47,LogisticRegression,0.11444682032324735,0.039230367060617145,420,12,2.4338629141770904,0.34634762381005185,0.5266122675228473,0.06784443626548886,0.08706668325917154,0.9321555637345111,0.4733877324771527,0.06784443626548886,0.08706668325917154
48,LogisticRegression,0.05346676975436892,0.006296304808966361,171,7,3.28024468035746,0.4589149162241469,0.539248010423903,0.10011041589988956,0.09854460649710439,0.8998895841001104,0.460751989576097,0.10011041589988956,0.09854460649710439
49,LogisticRegression,0.05346676975436892,0.015236500153836175,397,3,2.8365430249530452,0.4470863212237734,0.5439452457139977,0.11851306588148691,0.09854460649710439,0.8814869341185131,0.4560547542860023,0.11851306588148691,0.09854460649710439
50,LogisticRegression,0.06078752554331511,0.05156084902913773,172,8,1.073562706189867,0.6657195226241995,0.6175874567620392,0.13875598086124402,0.09656751713302103,0.861244019138756,0.3824125432379608,0.13875598086124402,0.09656751713302103
51,LogisticRegression,0.03261332783906558,0.039230367060617145,61,7,4.105651842967987,0.5363571772752966,0.5440568275484752,0.11385106121948219,0.10626973696461613,0.8861489387805178,0.4559431724515248,0.11385106121948219,0.10626973696461613
52,LogisticRegression,2.4370551632385427,0.052315370109572754,384,15,1.5082420506075391,0.6802428587750224,0.6504465073086101,0.1650104281683229,0.055599482062086196,0.8349895718316771,0.3495534926913899,0.1650104281683229,0.055599482062086196
53,LogisticRegression,2.4370551632385427,0.11299288210203001,270,10,3.4230992774275486,0.38848377672784085,0.5212437415188808,0.037786774628879916,0.055599482062086196,0.9622132253711201,0.47875625848111925,0.037786774628879916,0.055599482062086196
54,LogisticRegression,0.007354388726789682,0.28522862459771925,160,7,2.523563426524086,0.6897579230664665,0.6449448029860738,0.25297509508035826,0.1301229689242105,0.7470249049196418,0.3550551970139262,0.25297509508035826,0.1301229689242105
55,LogisticRegression,0.06081438403351859,0.009368110258225452,339,7,3.343102325093853,0.3536060913802563,0.5141996882907462,0.022328548644338087,0.09656073528323349,0.9776714513556619,0.48580031170925375,0.022328548644338087,0.09656073528323349
56,LogisticRegression,1.8936639872354502,0.006296304808966361,193,7,3.28024468035746,0.35634280815191993,0.5131936520734425,0.02465955097534045,0.056905369253596134,0.9753404490246596,0.4868063479265575,0.02465955097534045,0.056905369253596134
57,LogisticRegression,6.685510162938969,0.008317432167745008,346,7,3.28024468035746,0.4395473066171981,0.5298553395507212,0.08722856091277142,0.05227015589802178,0.9127714390872286,0.47014466044927883,0.08722856091277142,0.05227015589802178
58,LogisticRegression,1.0784642153666706,0.11299288210203001,79,3,2.8365430249530452,0.4261161351322441,0.5409253373550786,0.10550852656115806,0.06068501446013549,0.8944914734388419,0.45907466264492136,0.10550852656115806,0.06068501446013549
59,LogisticRegression,0.06081438403351859,0.024614809964899644,339,10,3.343102325093853,0.3536060913802563,0.5141996882907462,0.022328548644338087,0.09656073528323349,0.9776714513556619,0.48580031170925375,0.022328548644338087,0.09656073528323349
60,XGBoost,0.09846738873614563,0.1532742151313575,120,4,1.2323344486727978,0.6543910992944748,0.6315513834347768,0.1678321678321678,0.4345178434282554,0.8321678321678322,0.3684486165652232,0.1678321678321678,0.4345178434282554
61,LogisticRegression,0.06078752554331511,0.006296304808966361,322,10,1.1631005662190557,0.6621402567824255,0.6287636372798509,0.16304747883695253,0.09656751713302103,0.8369525211630475,0.37123636272014915,0.16304747883695253,0.09656751713302103
62,LogisticRegression,0.05346676975436892,0.012977982543443857,118,3,2.523563426524086,0.6621402567824255,0.6419194955061316,0.28205128205128205,0.09854460649710439,0.717948717948718,0.3580805044938684,0.28205128205128205,0.09854460649710439
63,LogisticRegression,0.13788021357516667,0.13811995334167934,364,14,2.6750820995682925,0.4470863212237734,0.5507661352731775,0.13151760520181566,0.08437192426098149,0.8684823947981843,0.4492338647268225,0.13151760520181566,0.08437192426098149
64,LogisticRegression,8.325634591966725,0.1551163888481455,397,7,2.523563426524086,0.35634280815191993,0.5266122675228473,0.06784443626548886,0.05184726926012597,0.9321555637345111,0.4733877324771527,0.06784443626548886,0.05184726926012597
65,LogisticRegression,2.4370551632385427,0.027658111966323583,346,10,4.877210142476396,0.38848377672784085,0.5080500894454383,0.00920132499079862,0.055599482062086196,0.9907986750092014,0.4919499105545617,0.00920132499079862,0.055599482062086196
66,LogisticRegression,1.7624510039685515,0.06657411588229807,230,6,1.10140297366183,0.6802428587750224,0.6092044215201765,0.12427922954238743,0.05731907796765358,0.8757207704576125,0.3907955784798235,0.12427922954238743,0.05731907796765358
67,LogisticRegression,0.13788021357516667,0.005379631943880487,91,14,1.1683727585454475,0.6494314496427108,0.6322280732696717,0.15703594650963074,0.08437192426098149,0.8429640534903693,0.3677719267303283,0.15703594650963074,0.08437192426098149
68,LogisticRegression,6.685510162938969,0.008317432167745008,339,7,2.523563426524086,0.5363571772752966,0.6082433779780652,0.1947000368052999,0.05227015589802178,0.8052999631947001,0.39175662202193484,0.1947000368052999,0.05227015589802178
69,LogisticRegression,0.03261332783906558,0.02096745268738397,61,10,4.105651842967987,0.5363571772752966,0.5440568275484752,0.11385106121948219,0.10626973696461613,0.8861489387805178,0.4559431724515248,0.11385106121948219,0.10626973696461613
70,LogisticRegression,0.007354388726789682,0.2231792874914001,448,7,2.523563426524086,0.6897579230664665,0.6449448029860738,0.25297509508035826,0.1301229689242105,0.7470249049196418,0.3550551970139262,0.25297509508035826,0.1301229689242105
71,LogisticRegression,8.325634591966725,0.1551163888481455,397,10,2.523563426524086,0.35634280815191993,0.5266122675228473,0.06784443626548886,0.05184726926012597,0.9321555637345111,0.4733877324771527,0.06784443626548886,0.05184726926012597
72,LogisticRegression,2.4370551632385427,0.1532742151313575,270,3,3.4230992774275486,0.38848377672784085,0.5212437415188808,0.037786774628879916,0.055599482062086196,0.9622132253711201,0.47875625848111925,0.037786774628879916,0.055599482062086196
73,LogisticRegression,0.0002867042870815135,0.007584983411141305,397,2,3.4230992774275486,0.5363571772752966,0.5712288039507168,0.13519813519813517,0.1828494442746666,0.8648018648018648,0.42877119604928315,0.13519813519813517,0.1828494442746666
74,LogisticRegression,1.8936639872354502,0.13811995334167934,193,3,3.28024468035746,0.35634280815191993,0.5131936520734425,0.02465955097534045,0.056905369253596134,0.9753404490246596,0.4868063479265575,0.02465955097534045,0.056905369253596134
75,LogisticRegression,6.685510162938969,0.21170799723773884,339,7,2.523563426524086,0.5633807338633702,0.6136137036890394,0.23690344742976321,0.05227015589802178,0.7630965525702368,0.38638629631096055,0.23690344742976321,0.05227015589802178
76,LogisticRegression,0.08144272585223823,0.020606412748728792,397,2,2.523563426524086,0.6746919954946937,0.64147496787523,0.26180836707152494,0.09211771359394022,0.738191632928475,0.35852503212477005,0.26180836707152494,0.09211771359394022
77,LogisticRegression,0.09846738873614563,0.11299288210203001,70,6,1.2323344486727978,0.6802428587750224,0.6283173099419415,0.16206600417126732,0.08928062655517799,0.8379339958287326,0.37168269005805854,0.16206600417126732,0.08928062655517799
78,LogisticRegression,0.06078752554331511,0.006296304808966361,247,2,1.1631005662190557,0.6621402567824255,0.6287636372798509,0.16304747883695253,0.09656751713302103,0.8369525211630475,0.37123636272014915,0.16304747883695253,0.09656751713302103
79,LogisticRegression,0.13218737536384087,0.009368110258225452,346,7,1.9200353491508122,0.3536060913802563,0.5465170270279999,0.1301680775364985,0.0849769325743524,0.8698319224635015,0.45348297297200013,0.1301680775364985,0.0849769325743524
80,RandomForest,0.06078752554331511,0.1532742151313575,120,2,1.2323344486727978,0.6657195226241995,0.5371099584987564,0.039749723960250276,0.35444444444444445,0.9602502760397498,0.4628900415012436,0.039749723960250276,0.35444444444444445
81,LogisticRegression,0.15582234588921398,0.11698629948348792,384,2,2.590377591851177,0.6746919954946937,0.6375606051334843,0.27788001472212,0.08263444625299907,0.72211998527788,0.36243939486651566,0.27788001472212,0.08263444625299907
82,XGBoost,0.13218737536384087,0.009368110258225452,247,7,1.9200353491508122,0.6621402567824255,0.6573609816321904,0.25604220341062445,0.6718676291455172,0.7439577965893756,0.34263901836780963,0.25604220341062445,0.6718676291455172
83,LogisticRegression,0.05346676975436892,0.010687162970125518,171,7,3.28024468035746,0.4589149162241469,0.539248010423903,0.10011041589988956,0.09854460649710439,0.8998895841001104,0.460751989576097,0.10011041589988956,0.09854460649710439
84,LogisticRegression,0.05346676975436892,0.006296304808966361,397,2,3.28024468035746,0.4589149162241469,0.539248010423903,0.10011041589988956,0.09854460649710439,0.8998895841001104,0.460751989576097,0.10011041589988956,0.09854460649710439
85,XGBoost,0.030156343071857664,0.1201923064365079,120,4,1.2323344486727978,0.6543910992944748,0.6454127268080756,0.1445221445221445,0.45694625610272965,0.8554778554778555,0.3545872731919244,0.1445221445221445,0.45694625610272965
86,LogisticRegression,8.56202011825092,0.006296304808966361,171,7,3.28024468035746,0.3948907166943978,0.5256044315985358,0.046251993620414655,0.05179898331153404,0.9537480063795853,0.47439556840146424,0.046251993620414655,0.05179898331153404
87,LogisticRegression,6.685510162938969,0.11299288210203001,346,6,3.466601258082952,0.4395473066171981,0.5273951400711964,0.07483744325849584,0.05227015589802178,0.9251625567415042,0.47260485992880363,0.07483744325849584,0.05227015589802178
88,RandomForest,0.09846738873614563,0.006296304808966361,61,4,1.1631005662190557,0.6564572454792283,0.6036163312612707,0.16709606183290393,0.36240170940170935,0.8329039381670961,0.3963836687387293,0.16709606183290393,0.36240170940170935
89,XGBoost,0.050854910388783335,0.25781930901305283,118,4,1.2323344486727978,0.6564572454792283,0.6211544760512988,0.16550116550116548,0.3625287025668424,0.8344988344988346,0.3788455239487012,0.16550116550116548,0.3625287025668424
90,LogisticRegression,1.0784642153666706,0.019031261984146165,79,3,2.8365430249530452,0.30390833896767344,0.5133052339079198,0.02392344497607657,0.06068501446013549,0.9760765550239234,0.4866947660920802,0.02392344497607657,0.06068501446013549
91,LogisticRegression,2.4370551632385427,0.011346643537057157,118,2,1.10140297366183,0.6897579230664665,0.6001500955644421,0.11385106121948226,0.055599482062086196,0.8861489387805177,0.3998499044355579,0.11385106121948226,0.055599482062086196
92,LogisticRegression,1.8936639872354502,0.11299288210203001,79,3,2.8365430249530452,0.4261161351322441,0.5419313735723824,0.1031775242301558,0.056905369253596134,0.8968224757698442,0.4580686264276176,0.1031775242301558,0.056905369253596134
93,XGBoost,4.798010910675292,0.005243642585941341,118,10,1.4682680657104235,0.6897579230664665,0.5153137069285121,0.030303030303030304,0.6722279809789649,0.9696969696969697,0.4846862930714879,0.030303030303030304,0.6722279809789649
94,LogisticRegression,0.05346676975436892,0.057576712288191605,120,13,2.9854649888049454,0.4357800770171224,0.539248010423903,0.10011041589988956,0.09854460649710439,0.8998895841001104,0.460751989576097,0.10011041589988956,0.09854460649710439
95,LogisticRegression,0.6490728279563946,0.11299288210203001,289,10,4.592217157762855,0.5904365334890647,0.5640713691810973,0.12403386087596613,0.06518532540189663,0.8759661391240339,0.43592863081890265,0.12403386087596613,0.06518532540189663
96,LogisticRegression,1.0784642153666706,0.11299288210203001,79,3,3.8583836908002493,0.5363571772752966,0.5492003901764793,0.12538338854128328,0.06068501446013549,0.8746166114587167,0.45079960982352074,0.12538338854128328,0.06068501446013549
97,LogisticRegression,0.6490728279563946,0.11299288210203001,289,10,4.592217157762855,0.5904365334890647,0.5640713691810973,0.12403386087596613,0.06518532540189663,0.8759661391240339,0.43592863081890265,0.12403386087596613,0.06518532540189663
98,LogisticRegression,2.4370551632385427,0.28522862459771925,118,10,2.523563426524086,0.6897579230664665,0.6422614398375944,0.24990798675009196,0.055599482062086196,0.750092013249908,0.35773856016240557,0.24990798675009196,0.055599482062086196
99,LogisticRegression,0.13218737536384087,0.007584983411141305,346,7,3.4230992774275486,0.4395473066171981,0.527283558236719,0.07949944792050057,0.0849769325743524,0.9205005520794994,0.472716441763281,0.07949944792050057,0.0849769325743524
100,LogisticRegression,6.685510162938969,0.11698629948348792,346,2,2.7019733377923014,0.6746919954946937,0.6441547316096939,0.27591706539074956,0.05227015589802178,0.7240829346092504,0.35584526839030606,0.27591706539074956,0.05227015589802178
101,RandomForest,0.007164630786905335,0.006296304808966361,61,2,1.1631005662190557,0.6621402567824255,0.5311853230294108,0.03337013863329653,0.3085555555555555,0.9666298613667035,0.4688146769705892,0.03337013863329653,0.3085555555555555
102,RandomForest,2.3287141945732563,0.11299288210203001,456,2,1.2323344486727978,0.68505936587117,0.528503759587939,0.026745184639921486,0.6157777777777778,0.9732548153600785,0.47149624041206095,0.026745184639921486,0.6157777777777778
103,LogisticRegression,0.0002867042870815135,0.11698629948348792,461,2,3.4230992774275486,0.5363571772752966,0.5712288039507168,0.13519813519813517,0.1828494442746666,0.8648018648018648,0.42877119604928315,0.13519813519813517,0.1828494442746666
104,LogisticRegression,1.8936639872354502,0.052315370109572754,91,6,2.8365430249530452,0.4261161351322441,0.5419313735723824,0.1031775242301558,0.056905369253596134,0.8968224757698442,0.4580686264276176,0.1031775242301558,0.056905369253596134
105,LogisticRegression,0.13788021357516667,0.06637118923680126,330,14,2.9854649888049454,0.30367882064665186,0.5116279069767442,0.018525334314807962,0.08437192426098149,0.981474665685192,0.4883720930232558,0.018525334314807962,0.08437192426098149
106,LogisticRegression,0.6490728279563946,0.11299288210203001,289,10,4.592217157762855,0.5904365334890647,0.5640713691810973,0.12403386087596613,0.06518532540189663,0.8759661391240339,0.43592863081890265,0.12403386087596613,0.06518532540189663
107,XGBoost,0.06078752554331511,0.25781930901305283,160,4,1.073562706189867,0.6564572454792283,0.6207081487133894,0.14489019752177645,0.3858620359001757,0.8551098024782235,0.3792918512866106,0.14489019752177645,0.3858620359001757
108,LogisticRegression,1.0784642153666706,0.11299288210203001,125,3,2.8365430249530452,0.4261161351322441,0.5409253373550786,0.10550852656115806,0.06068501446013549,0.8944914734388419,0.45907466264492136,0.10550852656115806,0.06068501446013549
109,RandomForest,6.685510162938969,0.11698629948348792,346,2,1.10140297366183,0.6621402567824255,0.5274977233706353,0.029076186970923817,0.5302222222222222,0.9709238130290762,0.4725022766293647,0.029076186970923817,0.5302222222222222
110,RandomForest,1.0784642153666706,0.05493113837674267,79,4,1.073562706189867,0.6657195226241995,0.581373752353117,0.1174089068825911,0.37640170940170936,0.8825910931174089,0.41862624764688305,0.1174089068825911,0.37640170940170936
111,LogisticRegression,0.13218737536384087,0.0056528515510398045,397,11,1.9200353491508122,0.35586050190252516,0.5465170270279999,0.1301680775364985,0.0849769325743524,0.8698319224635015,0.45348297297200013,0.1301680775364985,0.0849769325743524
112,RandomForest,0.00013230608911548417,0.1532742151313575,120,2,1.2323344486727978,0.6657195226241995,0.5371099584987564,0.039749723960250276,0.35444444444444445,0.9602502760397498,0.4628900415012436,0.039749723960250276,0.35444444444444445
113,LogisticRegression,8.56202011825092,0.007584983411141305,397,7,3.4230992774275486,0.3948907166943978,0.5230326502845337,0.038522880628143796,0.05179898331153404,0.9614771193718562,0.4769673497154663,0.038522880628143796,0.05179898331153404
114,XGBoost,0.030156343071857664,0.11299288210203001,160,4,1.3241848636305917,0.5363571772752966,0.656572709962818,0.25579683474420317,0.4840494439754454,0.7442031652557968,0.343427290037182,0.25579683474420317,0.4840494439754454
115,LogisticRegression,7.072292766338596,0.11299288210203001,92,2,1.073562706189867,0.6657195226241995,0.6173642930930844,0.13237639553429026,0.05215385189076624,0.8676236044657097,0.3826357069069156,0.13237639553429026,0.05215385189076624
116,LogisticRegression,2.4370551632385427,0.1532742151313575,247,7,1.3241848636305917,0.5363571772752966,0.6447198396101115,0.25407925407925414,0.055599482062086196,0.7459207459207459,0.3552801603898885,0.25407925407925414,0.055599482062086196
117,LogisticRegression,0.29048904655478336,0.11299288210203001,339,13,1.2323344486727978,0.68505936587117,0.6270881100556829,0.15801742117531592,0.07428565739310089,0.8419825788246841,0.3729118899443171,0.15801742117531592,0.07428565739310089
118,LogisticRegression,4.798010910675292,0.025079593311342484,475,10,2.523563426524086,0.6897579230664665,0.6422614398375944,0.24990798675009196,0.05308313391653621,0.750092013249908,0.35773856016240557,0.24990798675009196,0.05308313391653621
119,LogisticRegression,1.0784642153666706,0.12307496787808568,125,3,2.8365430249530452,0.4261161351322441,0.5409253373550786,0.10550852656115806,0.06068501446013549,0.8944914734388419,0.45907466264492136,0.10550852656115806,0.06068501446013549
120,LogisticRegression,0.13788021357516667,0.21170799723773884,330,6,2.9854649888049454,0.30367882064665186,0.5116279069767442,0.018525334314807962,0.08437192426098149,0.981474665685192,0.4883720930232558,0.018525334314807962,0.08437192426098149
121,LogisticRegression,0.007354388726789682,0.28522862459771925,160,7,2.523563426524086,0.6897579230664665,0.6449448029860738,0.25297509508035826,0.1301229689242105,0.7470249049196418,0.3550551970139262,0.25297509508035826,0.1301229689242105
122,XGBoost,0.030156343071857664,0.1201923064365079,120,4,1.2323344486727978,0.6543910992944748,0.6454127268080756,0.1445221445221445,0.45694625610272965,0.8554778554778555,0.3545872731919244,0.1445221445221445,0.45694625610272965
123,RandomForest,0.004196905103888626,0.11299288210203001,79,7,2.4658461394855915,0.6621402567824255,0.6503079298690173,0.32118758434547906,0.4571709401709402,0.678812415654521,0.3496920701309827,0.32118758434547906,0.4571709401709402
124,RandomForest,0.06078752554331511,0.006296304808966361,61,2,1.1631005662190557,0.6621402567824255,0.5311853230294108,0.03337013863329653,0.3085555555555555,0.9666298613667035,0.4688146769705892,0.03337013863329653,0.3085555555555555
125,LogisticRegression,4.798010910675292,0.006747197576960093,475,10,2.523563426524086,0.6897579230664665,0.6422614398375944,0.24990798675009196,0.05308313391653621,0.750092013249908,0.35773856016240557,0.24990798675009196,0.05308313391653621
126,RandomForest,2.3287141945732563,0.1395023784463162,456,2,1.2323344486727978,0.68505936587117,0.528503759587939,0.026745184639921486,0.6157777777777778,0.9732548153600785,0.47149624041206095,0.026745184639921486,0.6157777777777778
127,LogisticRegression,0.29048904655478336,0.11299288210203001,339,13,1.2323344486727978,0.68505936587117,0.6270881100556829,0.15801742117531592,0.07428565739310089,0.8419825788246841,0.3729118899443171,0.15801742117531592,0.07428565739310089
128,LogisticRegression,8.56202011825092,0.006296304808966361,171,7,1.913818965325195,0.3948907166943978,0.5714519676196715,0.13765182186234814,0.05179898331153404,0.8623481781376519,0.42854803238032846,0.13765182186234814,0.05179898331153404
129,RandomForest,0.14647276434459497,0.006296304808966361,79,4,1.1631005662190557,0.6564572454792283,0.6074173124615313,0.1592442645074224,0.37640170940170936,0.8407557354925776,0.3925826875384687,0.1592442645074224,0.37640170940170936
130,LogisticRegression,0.11347624185662211,0.1395023784463162,63,2,3.28024468035746,0.3536060913802563,0.5131936520734425,0.02465955097534045,0.08719119662357505,0.9753404490246596,0.4868063479265575,0.02465955097534045,0.08719119662357505
131,LogisticRegression,0.05414413211338523,0.01573022060073703,397,3,3.8583836908002493,0.5363571772752966,0.5492003901764793,0.12538338854128328,0.09835004753053245,0.8746166114587167,0.45079960982352074,0.12538338854128328,0.09835004753053245
132,LogisticRegression,0.0011628495258446982,0.006296304808966361,63,3,2.6750820995682925,0.3536060913802563,0.5243752317122773,0.05790700527542636,0.16006060030210023,0.9420929947245736,0.4756247682877227,0.05790700527542636,0.16006060030210023
133,XGBoost,2.4370551632385427,0.18164696015633627,118,7,1.10140297366183,0.5769744605297478,0.6261756586027795,0.15200588884799415,0.4834017422089449,0.8479941111520058,0.37382434139722054,0.15200588884799415,0.4834017422089449
134,XGBoost,4.798010910675292,0.21170799723773884,364,3,1.4682680657104235,0.6494314496427108,0.6442879099282637,0.21285731812047604,0.5073803524449344,0.787142681879524,0.3557120900717363,0.21285731812047604,0.5073803524449344
135,LogisticRegression,0.11347624185662211,0.006296304808966361,63,2,3.28024468035746,0.3948907166943978,0.5264988859813622,0.04858299595141702,0.08719119662357505,0.951417004048583,0.4735011140186378,0.04858299595141702,0.08719119662357505
136,LogisticRegression,8.573351203969093,0.1532742151313575,247,4,3.6035094761887767,0.5363571772752966,0.5666431504950994,0.12391117654275552,0.05179673212160678,0.8760888234572445,0.4333568495049006,0.12391117654275552,0.05179673212160678
137,LogisticRegression,0.22255367800535225,0.11299288210203001,498,3,1.10140297366183,0.6482999605090045,0.6297696734971547,0.16464237516869096,0.07774344231535181,0.835357624831309,0.37023032650284526,0.16464237516869096,0.07774344231535181
138,LogisticRegression,0.11347624185662211,0.006296304808966361,160,2,3.28024468035746,0.3536060913802563,0.5131936520734425,0.02465955097534045,0.08719119662357505,0.9753404490246596,0.4868063479265575,0.02465955097534045,0.08719119662357505
139,RandomForest,0.030156343071857664,0.1201923064365079,61,4,1.10140297366183,0.68505936587117,0.5640479729899972,0.09176788124156546,0.36240170940170935,0.9082321187584346,0.4359520270100028,0.09176788124156546,0.36240170940170935
140,XGBoost,0.05414413211338523,0.1532742151313575,79,3,1.5082420506075391,0.6021081681987231,0.6671963804292661,0.2573917310759416,0.3886631425735545,0.7426082689240584,0.3328036195707339,0.2573917310759416,0.3886631425735545
141,LogisticRegression,0.15582234588921398,0.11698629948348792,384,2,1.10140297366183,0.6128112350681543,0.6503349254741329,0.16967243283032757,0.08263444625299907,0.8303275671696724,0.34966507452586715,0.16967243283032757,0.08263444625299907
142,LogisticRegression,1.0784642153666706,0.12307496787808568,125,9,2.8365430249530452,0.4261161351322441,0.5409253373550786,0.10550852656115806,0.06068501446013549,0.8944914734388419,0.45907466264492136,0.10550852656115806,0.06068501446013549
143,XGBoost,2.4370551632385427,0.1532742151313575,61,7,3.28024468035746,0.6543910992944748,0.6390075695676745,0.2126119494540547,0.4709708348812468,0.7873880505459453,0.36099243043232554,0.2126119494540547,0.4709708348812468
144,LogisticRegression,0.06078752554331511,0.006296304808966361,61,2,1.1631005662190557,0.6621402567824255,0.6287636372798509,0.16304747883695253,0.09656751713302103,0.8369525211630475,0.37123636272014915,0.16304747883695253,0.09656751713302103
145,RandomForest,0.007164630786905335,0.026623282217409665,247,2,1.1631005662190557,0.6621402567824255,0.5369983766642791,0.04441172862225494,0.4532222222222222,0.955588271377745,0.4630016233357209,0.04441172862225494,0.4532222222222222
146,LogisticRegression,0.13788021357516667,0.006296304808966361,160,14,1.1631005662190557,0.6564572454792283,0.629881255331632,0.16390626916942705,0.08437192426098149,0.8360937308305729,0.370118744668368,0.16390626916942705,0.08437192426098149
147,LogisticRegression,8.573351203969093,0.02366576429179909,247,14,2.5914223961829665,0.5363571772752966,0.6066776328813669,0.196417617470249,0.05179673212160678,0.803582382529751,0.3933223671186331,0.196417617470249,0.05179673212160678
148,LogisticRegression,8.56202011825092,0.009368110258225452,171,7,3.28024468035746,0.3948907166943978,0.5256044315985358,0.046251993620414655,0.05179898331153404,0.9537480063795853,0.47439556840146424,0.046251993620414655,0.05179898331153404
149,LogisticRegression,0.9860891468435591,0.017923641602824468,125,3,2.6750820995682925,0.4261161351322441,0.545062863765779,0.11544595755122067,0.06140297217396022,0.8845540424487793,0.45493713623422105,0.11544595755122067,0.06140297217396022
150,RandomForest,0.007164630786905335,0.006296304808966361,329,2,1.1631005662190557,0.6621402567824255,0.535880758612498,0.043552938289780393,0.517,0.9564470617102196,0.46411924138750205,0.043552938289780393,0.517
151,LogisticRegression,2.4370551632385427,0.1532742151313575,247,15,3.6035094761887767,0.39344310041996394,0.5176659239875748,0.036314562630352154,0.055599482062086196,0.9636854373696478,0.4823340760124252,0.036314562630352154,0.055599482062086196
152,RandomForest,0.9860891468435591,0.017923641602824468,247,2,1.1631005662190557,0.6621402567824255,0.5369983766642791,0.04441172862225494,0.4532222222222222,0.955588271377745,0.4630016233357209,0.04441172862225494,0.4532222222222222
153,XGBoost,1.0784642153666706,0.21170799723773884,360,4,1.073562706189867,0.4710164073434198,0.6440503486032474,0.22708870077291127,0.5282350532996353,0.7729112992270888,0.3559496513967526,0.22708870077291127,0.5282350532996353
154,XGBoost,4.798010910675292,0.21170799723773884,364,3,1.4682680657104235,0.6494314496427108,0.6442879099282637,0.21285731812047604,0.5073803524449344,0.787142681879524,0.3557120900717363,0.21285731812047604,0.5073803524449344
155,LogisticRegression,1.0784642153666706,0.1532742151313575,347,4,1.913818965325195,0.6985335664226967,0.6522282172462324,0.20745920745920743,0.06068501446013549,0.7925407925407926,0.34777178275376763,0.20745920745920743,0.06068501446013549
156,LogisticRegression,4.798010910675292,0.21170799723773884,61,3,1.4682680657104235,0.32666081622427595,0.5707806769057997,0.13384860753281802,0.05308313391653621,0.866151392467182,0.4292193230942003,0.13384860753281802,0.05308313391653621
157,XGBoost,4.798010910675292,0.21170799723773884,392,3,1.4682680657104235,0.6494314496427108,0.6412698012763522,0.21199852778800146,0.52293590800049,0.7880014722119986,0.35873019872364775,0.21199852778800146,0.52293590800049
158,LogisticRegression,0.9860891468435591,0.06452326128026155,125,3,2.6750820995682925,0.4261161351322441,0.545062863765779,0.11544595755122067,0.06140297217396022,0.8845540424487793,0.45493713623422105,0.11544595755122067,0.06140297217396022
159,XGBoost,0.05346676975436892,0.00821889468558391,397,7,1.9242991863522856,0.6564572454792283,0.6649611443257037,0.2517482517482517,0.7559800916806414,0.7482517482517483,0.33503885567429625,0.2517482517482517,0.7559800916806414
160,LogisticRegression,0.9860891468435591,0.017923641602824468,397,3,3.4600518721554665,0.4261161351322441,0.5240404862088452,0.060115323273218,0.06140297217396022,0.939884676726782,0.47595951379115475,0.060115323273218,0.06140297217396022
161,LogisticRegression,4.798010910675292,0.005243642585941341,70,10,1.4682680657104235,0.6897579230664665,0.6397166541287078,0.16525579683474423,0.05308313391653621,0.8347442031652558,0.3602833458712922,0.16525579683474423,0.05308313391653621
162,XGBoost,0.00013230608911548417,0.21170799723773884,61,3,1.10140297366183,0.6746919954946937,0.6250724382070598,0.13838792786161208,0.33904701911160107,0.861612072138388,0.3749275617929402,0.13838792786161208,0.33904701911160107
163,RandomForest,0.0007372632305694451,0.044848990444128746,456,2,1.10140297366183,0.6621402567824255,0.5274977233706353,0.029076186970923817,0.6157777777777778,0.9709238130290762,0.4725022766293647,0.029076186970923817,0.6157777777777778
164,XGBoost,6.685510162938969,0.21170799723773884,118,4,1.4682680657104235,0.6985335664226967,0.6256267479654312,0.16930437983069563,0.39379060885519085,0.8306956201693043,0.37437325203456884,0.16930437983069563,0.39379060885519085
165,XGBoost,6.685510162938969,0.1532742151313575,118,4,1.1631005662190557,0.6985335664226967,0.6128884217649366,0.13568887253097778,0.4334067323171443,0.8643111274690223,0.38711157823506337,0.13568887253097778,0.4334067323171443
166,RandomForest,4.798010910675292,0.005243642585941341,118,2,1.4682680657104235,0.6897579230664665,0.541580430705881,0.05496258127837075,0.35288888888888886,0.9450374187216293,0.458419569294119,0.05496258127837075,0.35288888888888886
167,LogisticRegression,0.09846738873614563,0.11275262871499182,70,6,1.913818965325195,0.6985335664226967,0.6522282172462324,0.20745920745920743,0.08928062655517799,0.7925407925407926,0.34777178275376763,0.20745920745920743,0.08928062655517799
168,LogisticRegression,2.4370551632385427,0.11299288210203001,118,10,4.592217157762855,0.507909579422407,0.5265006856883699,0.07250644092749348,0.055599482062086196,0.9274935590725065,0.47349931431163006,0.07250644092749348,0.055599482062086196
169,RandomForest,4.798010910675292,0.005243642585941341,118,8,1.4682680657104235,0.5363571772752966,0.6534376203554061,0.3213102686786898,0.5144273504273504,0.6786897313213103,0.3465623796445939,0.3213102686786898,0.5144273504273504
170,LogisticRegression,8.573351203969093,0.03913888972320956,226,7,1.1631005662190557,0.5363571772752966,0.6493108921867521,0.25076677708256656,0.05179673212160678,0.7492332229174334,0.3506891078132479,0.25076677708256656,0.05179673212160678
171,XGBoost,0.34546549264812243,0.1532742151313575,247,4,1.4682680657104235,0.5363571772752966,0.6478495300965004,0.23064654643602012,0.505073398983811,0.7693534535639799,0.35215046990349963,0.23064654643602012,0.505073398983811
172,LogisticRegression,1.7624510039685515,0.06763781676522601,239,2,1.5082420506075391,0.6897579230664665,0.6439639626668778,0.1662372715004294,0.05731907796765358,0.8337627284995706,0.35603603733312217,0.1662372715004294,0.05731907796765358
173,RandomForest,0.9860891468435591,0.017923641602824468,60,2,1.1631005662190557,0.6621402567824255,0.5311853230294108,0.03337013863329653,0.30777777777777776,0.9666298613667035,0.4688146769705892,0.03337013863329653,0.30777777777777776
174,LogisticRegression,1.0784642153666706,0.05275336086037284,397,3,1.10140297366183,0.4925376606541294,0.64818607530694,0.2562875720770458,0.06068501446013549,0.7437124279229542,0.35181392469306005,0.2562875720770458,0.06068501446013549
175,LogisticRegression,0.006913592160510722,0.00821889468558391,397,10,1.5414163291107421,0.6746919954946937,0.6513391619844289,0.1669733774996933,0.1311224360254595,0.8330266225003067,0.34866083801557113,0.1669733774996933,0.1311224360254595
176,LogisticRegression,4.798010910675292,0.005243642585941341,394,4,1.4682680657104235,0.6897579230664665,0.6397166541287078,0.16525579683474423,0.05308313391653621,0.8347442031652558,0.3602833458712922,0.16525579683474423,0.05308313391653621
177,LogisticRegression,6.068384709875965,0.05275336086037284,61,3,1.1631005662190557,0.4925376606541294,0.6434870403098376,0.27284995706048343,0.052484238279285715,0.7271500429395166,0.3565129596901624,0.27284995706048343,0.052484238279285715
178,LogisticRegression,1.0784642153666706,0.03913888972320956,384,2,1.1631005662190557,0.6543910992944748,0.629881255331632,0.16390626916942705,0.06068501446013549,0.8360937308305729,0.370118744668368,0.16390626916942705,0.06068501446013549
179,RandomForest,1.7624510039685515,0.18164696015633627,247,2,1.10140297366183,0.6897579230664665,0.5163197431458159,0.03189792663476874,0.4532222222222222,0.9681020733652312,0.48368025685418414,0.03189792663476874,0.4532222222222222
180,LogisticRegression,2.4370551632385427,0.11201984675050707,61,4,2.729991513320528,0.6897579230664665,0.6435986221443148,0.26818795239847876,0.055599482062086196,0.7318120476015213,0.35640137785568515,0.26818795239847876,0.055599482062086196
181,LogisticRegression,8.573351203969093,0.1532742151313575,488,4,3.6035094761887767,0.5363571772752966,0.5666431504950994,0.12391117654275552,0.05179673212160678,0.8760888234572445,0.4333568495049006,0.12391117654275552,0.05179673212160678
182,RandomForest,1.0784642153666706,0.05493113837674267,79,4,1.073562706189867,0.6657195226241995,0.581373752353117,0.1174089068825911,0.37640170940170936,0.8825910931174089,0.41862624764688305,0.1174089068825911,0.37640170940170936
183,XGBoost,1.7624510039685515,0.1532742151313575,392,4,1.4682680657104235,0.6985335664226967,0.6184693131958117,0.1659919028340081,0.5856289545393665,0.8340080971659919,0.38153068680418833,0.1659919028340081,0.5856289545393665
184,LogisticRegression,8.573351203969093,0.03913888972320956,226,7,1.1631005662190557,0.5363571772752966,0.6493108921867521,0.25076677708256656,0.05179673212160678,0.7492332229174334,0.3506891078132479,0.25076677708256656,0.05179673212160678
185,LogisticRegression,1.0784642153666706,0.05275336086037284,397,8,1.10140297366183,0.6897579230664665,0.6021621679990498,0.11311495522021839,0.06068501446013549,0.8868850447797816,0.39783783200095024,0.11311495522021839,0.06068501446013549
186,LogisticRegression,6.685510162938969,0.1532742151313575,118,10,4.592217157762855,0.507909579422407,0.5265006856883699,0.07250644092749348,0.05227015589802178,0.9274935590725065,0.47349931431163006,0.07250644092749348,0.05227015589802178
187,LogisticRegression,0.006913592160510722,0.00821889468558391,87,10,1.5414163291107421,0.6746919954946937,0.6513391619844289,0.1669733774996933,0.1311224360254595,0.8330266225003067,0.34866083801557113,0.1669733774996933,0.1311224360254595
188,XGBoost,0.00013230608911548417,0.006296304808966361,61,3,1.5082420506075391,0.47099587516824604,0.5,0.0,0.4783091834700909,1.0,0.5,0.0,0.4783091834700909
189,RandomForest,0.9860891468435591,0.017923641602824468,61,3,1.10140297366183,0.6746919954946937,0.5362155041159299,0.05312231628021102,0.33547863247863247,0.946877683719789,0.4637844958840701,0.05312231628021102,0.33547863247863247
190,RandomForest,4.798010910675292,0.017923641602824468,60,2,1.10140297366183,0.6897579230664665,0.5224675422841162,0.032879401300453935,0.30777777777777776,0.967120598699546,0.4775324577158838,0.032879401300453935,0.30777777777777776
191,XGBoost,8.573351203969093,0.03913888972320956,226,7,1.1631005662190557,0.5363571772752966,0.6591480906908356,0.23678076309655255,0.6400173831805562,0.7632192369034474,0.3408519093091644,0.23678076309655255,0.6400173831805562
192,XGBoost,6.685510162938969,0.1532742151313575,392,4,1.913818965325195,0.6897579230664665,0.6547927997322036,0.20979020979020976,0.5856289545393665,0.7902097902097902,0.3452072002677964,0.20979020979020976,0.5856289545393665
193,RandomForest,0.06078752554331511,0.006296304808966361,61,3,1.10140297366183,0.6543910992944748,0.5506347566616154,0.07324254692675744,0.33547863247863247,0.9267574530732425,0.44936524333838457,0.07324254692675744,0.33547863247863247
194,LogisticRegression,1.0784642153666706,0.03913888972320956,384,3,1.1631005662190557,0.6543910992944748,0.629881255331632,0.16390626916942705,0.06068501446013549,0.8360937308305729,0.370118744668368,0.16390626916942705,0.06068501446013549
195,LogisticRegression,2.4370551632385427,0.177053021988389,118,10,1.10140297366183,0.6897579230664665,0.6001500955644421,0.11385106121948226,0.055599482062086196,0.8861489387805177,0.3998499044355579,0.11385106121948226,0.055599482062086196
196,LogisticRegression,0.01719007292282157,0.03292733937716924,397,3,1.4682680657104235,0.6897579230664665,0.6389337815803587,0.16218868850447798,0.116453943299404,0.837811311495522,0.36106621841964126,0.16218868850447798,0.116453943299404
197,LogisticRegression,2.4370551632385427,0.036377538862902625,247,7,1.4682680657104235,0.6458254438090679,0.6523415987877174,0.1953134584713532,0.055599482062086196,0.8046865415286468,0.34765840121228264,0.1953134584713532,0.055599482062086196
198,RandomForest,0.05346676975436892,0.00821889468558391,55,3,1.10140297366183,0.6564572454792283,0.547616648009704,0.06845785793154213,0.3308119658119658,0.9315421420684579,0.452383351990296,0.06845785793154213,0.3308119658119658
199,LogisticRegression,0.5199552811430955,0.05275336086037284,118,2,1.10140297366183,0.6985335664226967,0.5950083326434457,0.10661268556005397,0.06746974097260283,0.893387314439946,0.40499166735655434,0.10661268556005397,0.06746974097260283
200,LogisticRegression,8.573351203969093,0.1532742151313575,61,11,3.616698405896298,0.4925376606541294,0.543608700503558,0.10464973622868357,0.05179673212160678,0.8953502637713164,0.45639129949644197,0.10464973622868357,0.05179673212160678
201,XGBoost,2.4370551632385427,0.1532742151313575,247,4,1.4682680657104235,0.6985335664226967,0.6290911839552521,0.1515151515151515,0.505073398983811,0.8484848484848485,0.3709088160447479,0.1515151515151515,0.505073398983811
202,LogisticRegression,4.798010910675292,0.005243642585941341,118,8,1.10140297366183,0.6985335664226967,0.5950083326434457,0.10661268556005397,0.05308313391653621,0.893387314439946,0.40499166735655434,0.10661268556005397,0.05308313391653621
203,XGBoost,1.0784642153666706,0.1532742151313575,374,4,1.4682680657104235,0.5395914032708842,0.6423730216720718,0.22169059011164277,0.5756289545393665,0.7783094098883572,0.3576269783279282,0.22169059011164277,0.5756289545393665
204,RandomForest,0.9860891468435591,0.017923641602824468,101,4,1.2323344486727978,0.68505936587117,0.5887507513776757,0.13029076186970925,0.39351282051282055,0.8697092381302908,0.41124924862232426,0.13029076186970925,0.39351282051282055
205,RandomForest,0.0006473915535554222,0.017923641602824468,60,3,1.10140297366183,0.6621402567824255,0.5456045755750963,0.06526806526806528,0.3347008547008547,0.9347319347319347,0.45439542442490366,0.06526806526806528,0.3347008547008547
206,LogisticRegression,8.573351203969093,0.11299288210203001,61,11,3.069785407020165,0.4925376606541294,0.5606051334842688,0.1336032388663968,0.05179673212160678,0.8663967611336032,0.43939486651573123,0.1336032388663968,0.05179673212160678
207,LogisticRegression,4.798010910675292,0.005243642585941341,118,4,4.5692099925586085,0.5363571772752966,0.5348873203442479,0.09949699423383629,0.05308313391653621,0.9005030057661637,0.4651126796557521,0.09949699423383629,0.05308313391653621
208,XGBoost,0.03646018666075518,0.07364370622916676,79,6,1.5082420506075391,0.6985335664226967,0.6346828736281733,0.14869341185130658,0.5118806975007243,0.8513065881486934,0.3653171263718267,0.14869341185130658,0.5118806975007243
209,RandomForest,0.027436919124852747,0.017923641602824468,61,3,1.10140297366183,0.6746919954946937,0.5362155041159299,0.05312231628021102,0.33547863247863247,0.946877683719789,0.4637844958840701,0.05312231628021102,0.33547863247863247
210,LogisticRegression,0.5199552811430955,0.05275336086037284,118,3,1.10140297366183,0.6985335664226967,0.5950083326434457,0.10661268556005397,0.06746974097260283,0.893387314439946,0.40499166735655434,0.10661268556005397,0.06746974097260283
211,RandomForest,4.798010910675292,0.005243642585941341,113,4,1.10140297366183,0.6897579230664665,0.5516407928789193,0.07091154459575512,0.40284615384615385,0.9290884554042449,0.4483592071210807,0.07091154459575512,0.40284615384615385
212,RandomForest,1.0784642153666706,0.05493113837674267,79,4,1.073562706189867,0.6657195226241995,0.581373752353117,0.1174089068825911,0.37640170940170936,0.8825910931174089,0.41862624764688305,0.1174089068825911,0.37640170940170936
213,RandomForest,0.9860891468435591,0.00821889468558391,55,2,1.10140297366183,0.6897579230664665,0.5224675422841162,0.032879401300453935,0.3038888888888889,0.967120598699546,0.4775324577158838,0.032879401300453935,0.3038888888888889
214,XGBoost,0.00013230608911548417,0.019870675169101744,61,3,1.10140297366183,0.6746919954946937,0.5545473196963534,0.06858054226475278,0.4691062205140669,0.9314194577352473,0.4454526803036466,0.06858054226475278,0.4691062205140669
215,RandomForest,1.0784642153666706,0.1532742151313575,118,2,1.4682680657104235,0.6897579230664665,0.541580430705881,0.05496258127837075,0.35288888888888886,0.9450374187216293,0.458419569294119,0.05496258127837075,0.35288888888888886
216,XGBoost,2.4370551632385427,0.006296304808966361,247,2,1.1631005662190557,0.6985335664226967,0.5420285577507982,0.04060851429272483,0.5585655937265012,0.9593914857072752,0.45797144224920183,0.04060851429272483,0.5585655937265012
217,LogisticRegression,0.03443972647656041,0.1792544227025726,397,3,3.093318524778965,0.44741053748950443,0.5409253373550786,0.10550852656115806,0.10541110455617744,0.8944914734388419,0.45907466264492136,0.10550852656115806,0.10541110455617744
218,XGBoost,8.573351203969093,0.03913888972320956,247,7,1.4682680657104235,0.5363571772752966,0.6567922742177574,0.2575144154091522,0.651684049847223,0.7424855845908478,0.34320772578224257,0.2575144154091522,0.651684049847223
219,RandomForest,0.9860891468435591,0.017923641602824468,101,4,1.2323344486727978,0.68505936587117,0.5887507513776757,0.13029076186970925,0.39351282051282055,0.8697092381302908,0.41124924862232426,0.13029076186970925,0.39351282051282055
220,RandomForest,1.2764135702006623,0.05493113837674267,50,2,1.073562706189867,0.6657195226241995,0.5316334500743278,0.030793767635872896,0.3,0.9692062323641271,0.46836654992567217,0.030793767635872896,0.3
221,XGBoost,6.685510162938969,0.1532742151313575,223,3,1.10140297366183,0.48249460358221674,0.6521004380486857,0.2716231137283769,0.46866314257355446,0.7283768862716231,0.34789956195131433,0.2716231137283769,0.46866314257355446
222,RandomForest,4.798010910675292,0.005243642585941341,113,4,1.10140297366183,0.6897579230664665,0.5516407928789193,0.07091154459575512,0.40284615384615385,0.9290884554042449,0.4483592071210807,0.07091154459575512,0.40284615384615385
223,RandomForest,0.9860891468435591,0.017923641602824468,60,2,1.1631005662190557,0.6621402567824255,0.5311853230294108,0.03337013863329653,0.30777777777777776,0.9666298613667035,0.4688146769705892,0.03337013863329653,0.30777777777777776
224,XGBoost,0.00013230608911548417,0.006296304808966361,61,3,1.5082420506075391,0.47099587516824604,0.5,0.0,0.4783091834700909,1.0,0.5,0.0,0.4783091834700909
225,RandomForest,0.01288757781723124,0.05493113837674267,79,4,1.073562706189867,0.6657195226241995,0.581373752353117,0.1174089068825911,0.37640170940170936,0.8825910931174089,0.41862624764688305,0.1174089068825911,0.37640170940170936
226,LogisticRegression,1.7624510039685515,0.010338682362776514,118,3,1.10140297366183,0.6985335664226967,0.5950083326434457,0.10661268556005397,0.05731907796765358,0.893387314439946,0.40499166735655434,0.10661268556005397,0.05731907796765358
227,RandomForest,1.7624510039685515,0.1532742151313575,61,4,1.10140297366183,0.6985335664226967,0.5466106117924002,0.0668629615998037,0.36240170940170935,0.9331370384001962,0.4533893882075998,0.0668629615998037,0.36240170940170935
228,LogisticRegression,4.798010910675292,0.005243642585941341,118,8,1.10140297366183,0.6985335664226967,0.5950083326434457,0.10661268556005397,0.05308313391653621,0.893387314439946,0.40499166735655434,0.10661268556005397,0.05308313391653621
229,RandomForest,0.007164630786905335,0.006296304808966361,61,4,1.1631005662190557,0.6897579230664665,0.5700841902938202,0.10133725923199607,0.36240170940170935,0.8986627407680039,0.4299158097061798,0.10133725923199607,0.36240170940170935
230,RandomForest,1.2764135702006623,0.05493113837674267,61,2,1.10140297366183,0.68505936587117,0.5264916871533314,0.027481290639185377,0.3085555555555555,0.9725187093608146,0.4735083128466686,0.027481290639185377,0.3085555555555555
231,LogisticRegression,0.03443972647656041,0.05275336086037284,397,3,1.10140297366183,0.6746919954946937,0.616469838710258,0.1339712918660287,0.10541110455617744,0.8660287081339713,0.38353016128974204,0.1339712918660287,0.10541110455617744
232,RandomForest,1.2764135702006623,0.05493113837674267,50,2,1.073562706189867,0.6657195226241995,0.5316334500743278,0.030793767635872896,0.3,0.9692062323641271,0.46836654992567217,0.030793767635872896,0.3
233,XGBoost,4.798010910675292,0.005243642585941341,118,10,1.4682680657104235,0.6897579230664665,0.5153137069285121,0.030303030303030304,0.6722279809789649,0.9696969696969697,0.4846862930714879,0.030303030303030304,0.6722279809789649
234,LogisticRegression,1.0784642153666706,0.1532742151313575,247,15,1.4682680657104235,0.6985335664226967,0.6312220370523679,0.15936694884063307,0.06068501446013549,0.8406330511593669,0.3687779629476321,0.15936694884063307,0.06068501446013549
235,LogisticRegression,0.0702889095681417,0.025210686772542002,329,4,1.10140297366183,0.6985335664226967,0.5941138782606191,0.10428168322905164,0.09434755175186871,0.8957183167709484,0.4058861217393809,0.10428168322905164,0.09434755175186871
236,LogisticRegression,4.798010910675292,0.18164696015633627,247,3,1.10140297366183,0.6897579230664665,0.5991440593471382,0.11225616488774383,0.05308313391653621,0.8877438351122562,0.4008559406528618,0.11225616488774383,0.05308313391653621
237,XGBoost,2.4370551632385427,0.17158847374194147,247,3,2.9336297438925865,0.6897579230664665,0.6621590005147162,0.25972273340694396,0.4695800293912378,0.740277266593056,0.3378409994852838,0.25972273340694396,0.4695800293912378
238,LogisticRegression,1.0784642153666706,0.18164696015633627,374,3,1.10140297366183,0.4969301920004727,0.647851329803508,0.25456999141209663,0.06068501446013549,0.7454300085879033,0.352148670196492,0.25456999141209663,0.06068501446013549
239,RandomForest,8.011184207297664,0.005243642585941341,247,2,1.10140297366183,0.6897579230664665,0.5163197431458159,0.03189792663476874,0.4532222222222222,0.9681020733652312,0.48368025685418414,0.03189792663476874,0.4532222222222222
240,XGBoost,1.2764135702006623,0.21170799723773884,61,4,1.4682680657104235,0.68505936587117,0.6415001637733377,0.17273954116059376,0.3621239421885242,0.8272604588394062,0.35849983622666226,0.17273954116059376,0.3621239421885242
241,RandomForest,1.7624510039685515,0.14863248027501222,61,4,1.10140297366183,0.6985335664226967,0.5466106117924002,0.0668629615998037,0.36240170940170935,0.9331370384001962,0.4533893882075998,0.0668629615998037,0.36240170940170935
242,RandomForest,0.0006473915535554222,0.0167050527875589,60,4,1.10140297366183,0.6985335664226967,0.5466106117924002,0.0668629615998037,0.3616239316239316,0.9331370384001962,0.4533893882075998,0.0668629615998037,0.3616239316239316
243,LogisticRegression,1.0784642153666706,0.1532742151313575,247,4,1.4682680657104235,0.6985335664226967,0.6312220370523679,0.15936694884063307,0.06068501446013549,0.8406330511593669,0.3687779629476321,0.15936694884063307,0.06068501446013549
244,XGBoost,1.7624510039685515,0.21170799723773884,61,2,1.4682680657104235,0.68505936587117,0.658379615798548,0.16991780149674887,0.315970096034678,0.8300821985032512,0.341620384201452,0.16991780149674887,0.315970096034678
245,LogisticRegression,0.9388100334892369,0.09042254117997757,247,2,1.4682680657104235,0.6543910992944748,0.6496600353462456,0.1847626058152374,0.061810779376618614,0.8152373941847626,0.3503399646537544,0.1847626058152374,0.061810779376618614
246,RandomForest,0.00017829126128655803,0.0067390781707279464,329,2,1.1631005662190557,0.6621402567824255,0.535880758612498,0.043552938289780393,0.517,0.9564470617102196,0.46411924138750205,0.043552938289780393,0.517
247,RandomForest,0.0014518495532610703,0.005243642585941341,118,2,1.4682680657104235,0.6897579230664665,0.541580430705881,0.05496258127837075,0.35288888888888886,0.9450374187216293,0.458419569294119,0.05496258127837075,0.35288888888888886
248,LogisticRegression,0.03443972647656041,0.11299288210203001,61,11,1.10140297366183,0.6746919954946937,0.616469838710258,0.1339712918660287,0.10541110455617744,0.8660287081339713,0.38353016128974204,0.1339712918660287,0.10541110455617744
249,LogisticRegression,2.4370551632385427,0.1532742151313575,420,11,3.616698405896298,0.4925376606541294,0.5426026642862541,0.10698073855968593,0.055599482062086196,0.8930192614403141,0.45739733571374586,0.10698073855968593,0.055599482062086196
250,RandomForest,4.798010910675292,0.05493113837674267,61,2,1.10140297366183,0.68505936587117,0.5264916871533314,0.027481290639185377,0.3085555555555555,0.9725187093608146,0.4735083128466686,0.027481290639185377,0.3085555555555555
251,LogisticRegression,8.573351203969093,0.11299288210203001,61,11,3.069785407020165,0.3535313451998772,0.5149825608390954,0.029321555637345065,0.05179673212160678,0.9706784443626549,0.48501743916090456,0.029321555637345065,0.05179673212160678
252,XGBoost,0.05346676975436892,0.1532742151313575,118,4,1.913818965325195,0.6564572454792283,0.6574725634666676,0.23960250276039752,0.4334067323171443,0.7603974972396025,0.3425274365333324,0.23960250276039752,0.4334067323171443
253,LogisticRegression,8.573351203969093,0.1532742151313575,61,11,3.616698405896298,0.4925376606541294,0.543608700503558,0.10464973622868357,0.05179673212160678,0.8953502637713164,0.45639129949644197,0.10464973622868357,0.05179673212160678
254,RandomForest,1.2764135702006623,0.05493113837674267,61,3,1.10140297366183,0.6746919954946937,0.5362155041159299,0.05312231628021102,0.33547863247863247,0.946877683719789,0.4637844958840701,0.05312231628021102,0.33547863247863247
255,RandomForest,0.007164630786905335,0.006296304808966361,161,2,1.1631005662190557,0.6897579230664665,0.5224675422841162,0.028953502637713163,0.3863333333333333,0.9710464973622869,0.4775324577158838,0.028953502637713163,0.3863333333333333
256,XGBoost,1.0784642153666706,0.15755755286992487,171,3,1.4682680657104235,0.6746919954946937,0.6531244713360664,0.16697337749969327,0.4368702958958064,0.8330266225003067,0.34687552866393356,0.16697337749969327,0.4368702958958064
257,LogisticRegression,8.573351203969093,0.21170799723773884,61,7,1.1631005662190557,0.6746919954946937,0.62105189275186,0.1484480431848853,0.05179673212160678,0.8515519568151146,0.37894810724814,0.1484480431848853,0.05179673212160678
258,RandomForest,0.007164630786905335,0.11299288210203001,247,2,1.1631005662190557,0.6621402567824255,0.5369983766642791,0.04441172862225494,0.4532222222222222,0.955588271377745,0.4630016233357209,0.04441172862225494,0.4532222222222222
259,LogisticRegression,4.798010910675292,0.1532742151313575,118,4,1.4682680657104235,0.6564572454792283,0.6529031073741195,0.1845172371488161,0.05308313391653621,0.8154827628511839,0.3470968926258805,0.1845172371488161,0.05308313391653621
260,XGBoost,0.02944897628410171,0.00821889468558391,397,7,1.9242991863522856,0.6564572454792283,0.6677560893086605,0.25800515274199487,0.7559800916806414,0.7419948472580051,0.3322439106913395,0.25800515274199487,0.7559800916806414
261,XGBoost,0.000514335905740798,0.12279228597366773,61,4,1.5082420506075391,0.68505936587117,0.6492119083013286,0.1637835848362164,0.4224057803336571,0.8362164151637836,0.3507880916986714,0.1637835848362164,0.4224057803336571
262,XGBoost,1.7624510039685515,0.21170799723773884,61,2,1.4682680657104235,0.68505936587117,0.658379615798548,0.16991780149674887,0.315970096034678,0.8300821985032512,0.341620384201452,0.16991780149674887,0.315970096034678
263,XGBoost,1.7624510039685515,0.017923641602824468,61,2,1.1631005662190557,0.68505936587117,0.5111779802248194,0.01680775364985891,0.447349320193942,0.9831922463501411,0.4888220197751806,0.01680775364985891,0.447349320193942
264,LogisticRegression,8.573351203969093,0.11583007638410688,397,7,1.6964373413363374,0.32094200807498896,0.5442799912174298,0.10845295055821369,0.05179673212160678,0.8915470494417863,0.45572000878257024,0.10845295055821369,0.05179673212160678
265,XGBoost,0.19353851786019155,0.005243642585941341,118,8,1.4682680657104235,0.6897579230664665,0.5392336127678414,0.061832903938167094,0.6260741348251188,0.9381670960618329,0.46076638723215857,0.061832903938167094,0.6260741348251188
266,RandomForest,1.2764135702006623,0.005243642585941341,118,3,1.10140297366183,0.6746919954946937,0.5382275765505375,0.056312108943687884,0.3798119658119658,0.9436878910563121,0.46177242344946245,0.056312108943687884,0.3798119658119658
267,RandomForest,0.16755717134611015,0.017923641602824468,247,2,1.1631005662190557,0.6543910992944748,0.5381159947160602,0.04919641761747025,0.4532222222222222,0.9508035823825297,0.4618840052839398,0.04919641761747025,0.4532222222222222
268,XGBoost,0.009454847710797161,0.11299288210203001,50,2,1.073562706189867,0.6897579230664665,0.6090928396856992,0.11716353821616979,0.37678448671048814,0.8828364617838302,0.39090716031430084,0.11716353821616979,0.37678448671048814
269,LogisticRegression,8.573351203969093,0.03913888972320956,226,7,3.852827533130471,0.5363571772752966,0.5474114814108263,0.12072138387927867,0.05179673212160678,0.8792786161207213,0.4525885185891737,0.12072138387927867,0.05179673212160678
270,LogisticRegression,4.798010910675292,0.1532742151313575,456,4,1.10140297366183,0.6746919954946937,0.6112164939547842,0.1274690222058643,0.05308313391653621,0.8725309777941357,0.38878350604521583,0.1274690222058643,0.05308313391653621
271,LogisticRegression,1.0784642153666706,0.005243642585941341,113,4,1.4682680657104235,0.6897579230664665,0.6388221997458814,0.1629247945037419,0.06068501446013549,0.8370752054962581,0.3611778002541186,0.1629247945037419,0.06068501446013549
272,XGBoost,0.029128822038707182,0.005243642585941341,118,2,1.4682680657104235,0.6543910992944748,0.5582367190621367,0.053613053613053616,0.4876125963635803,0.9463869463869464,0.4417632809378633,0.053613053613053616,0.4876125963635803
273,XGBoost,0.00013230608911548417,0.21170799723773884,61,3,1.10140297366183,0.6746919954946937,0.6250724382070598,0.13838792786161208,0.33904701911160107,0.861612072138388,0.3749275617929402,0.13838792786161208,0.33904701911160107
274,LogisticRegression,8.573351203969093,0.1532742151313575,456,3,2.6171589890194764,0.6746919954946937,0.6405787137853958,0.27873880505459453,0.05179673212160678,0.7212611949454055,0.35942128621460423,0.27873880505459453,0.05179673212160678
275,LogisticRegression,8.573351203969093,0.11299288210203001,61,11,3.069785407020165,0.3535313451998772,0.5149825608390954,0.029321555637345065,0.05179673212160678,0.9706784443626549,0.48501743916090456,0.029321555637345065,0.05179673212160678
276,RandomForest,0.00042437625290477147,0.017923641602824468,118,2,1.4682680657104235,0.6564572454792283,0.6041760401406651,0.1166728008833272,0.35288888888888886,0.8833271991166728,0.39582395985933494,0.1166728008833272,0.35288888888888886
277,LogisticRegression,1.0784642153666706,0.005243642585941341,113,12,1.1631005662190557,0.6621402567824255,0.6287636372798509,0.16304747883695253,0.06068501446013549,0.8369525211630475,0.37123636272014915,0.16304747883695253,0.06068501446013549
278,LogisticRegression,8.573351203969093,0.017923641602824468,61,2,1.1631005662190557,0.6121504494283921,0.649215507715344,0.17237148816096184,0.05179673212160678,0.8276285118390382,0.350784492284656,0.17237148816096184,0.05179673212160678
279,RandomForest,4.798010910675292,0.1201923064365079,61,8,1.4682680657104235,0.5363571772752966,0.6535492021898834,0.3284259600049074,0.4700940170940171,0.6715740399950926,0.34645079781011656,0.3284259600049074,0.4700940170940171
280,RandomForest,0.9355205089178917,0.017923641602824468,118,3,1.10140297366183,0.6897579230664665,0.535880758612498,0.047478836952521156,0.3798119658119658,0.9525211630474788,0.46411924138750205,0.047478836952521156,0.3798119658119658
281,LogisticRegression,1.2764135702006623,0.21170799723773884,330,7,1.073562706189867,0.6657195226241995,0.6184819111448656,0.13716108452950557,0.05942213844745431,0.8628389154704944,0.3815180888551344,0.13716108452950557,0.05942213844745431
282,LogisticRegression,0.9388100334892369,0.11299288210203001,61,2,4.244495079733884,0.4925376606541294,0.5282895944540229,0.0771684455894982,0.061810779376618614,0.9228315544105018,0.4717104055459771,0.0771684455894982,0.061810779376618614
283,XGBoost,4.798010910675292,0.005243642585941341,226,2,1.4682680657104235,0.6621402567824255,0.5965740777401439,0.0931174089068826,0.5476125963635803,0.9068825910931174,0.4034259222598561,0.0931174089068826,0.5476125963635803
284,LogisticRegression,4.798010910675292,0.1532742151313575,456,4,1.10140297366183,0.6543910992944748,0.6292117643247679,0.1604711078395289,0.05308313391653621,0.8395288921604711,0.3707882356752321,0.1604711078395289,0.05308313391653621
285,RandomForest,0.9860891468435591,0.017923641602824468,55,2,1.1631005662190557,0.3248812904658811,0.5,0.0,0.3038888888888889,1.0,0.5,0.0,0.3038888888888889
286,LogisticRegression,1.0784642153666706,0.005243642585941341,245,4,1.4682680657104235,0.6897579230664665,0.6388221997458814,0.1629247945037419,0.06068501446013549,0.8370752054962581,0.3611778002541186,0.1629247945037419,0.06068501446013549
287,XGBoost,0.05346676975436892,0.1532742151313575,118,4,1.913818965325195,0.6564572454792283,0.6574725634666676,0.23960250276039752,0.4334067323171443,0.7603974972396025,0.3425274365333324,0.23960250276039752,0.4334067323171443
288,LogisticRegression,8.573351203969093,0.005243642585941341,118,2,1.1631005662190557,0.5363571772752966,0.6493108921867521,0.25076677708256656,0.05179673212160678,0.7492332229174334,0.3506891078132479,0.25076677708256656,0.05179673212160678
289,RandomForest,0.00013230608911548417,0.019870675169101744,61,3,1.10140297366183,0.68505936587117,0.5329742317950638,0.04195804195804196,0.33547863247863247,0.958041958041958,0.46702576820493624,0.04195804195804196,0.33547863247863247
290,XGBoost,0.00013230608911548417,0.2553348308365616,61,3,1.5082420506075391,0.47099587516824604,0.6540999125342395,0.2722365353944301,0.30946950480731444,0.72776346460557,0.3459000874657605,0.2722365353944301,0.30946950480731444
291,XGBoost,2.4370551632385427,0.006296304808966361,247,3,1.1631005662190557,0.6985335664226967,0.5650540092073011,0.08551098024782235,0.5816425168034243,0.9144890197521777,0.4349459907926989,0.08551098024782235,0.5816425168034243
292,XGBoost,0.19353851786019155,0.005243642585941341,118,8,1.1631005662190557,0.6621402567824255,0.521684669735767,0.03766409029566924,0.6260741348251188,0.9623359097043308,0.478315330264233,0.03766409029566924,0.6260741348251188
293,LogisticRegression,8.573351203969093,0.005243642585941341,113,11,1.10140297366183,0.6897579230664665,0.5981380231298344,0.1106612685560054,0.05179673212160678,0.8893387314439946,0.40186197687016556,0.1106612685560054,0.05179673212160678
294,LogisticRegression,0.390531326755893,0.03913888972320956,329,4,1.1631005662190557,0.68505936587117,0.6155753843274315,0.13556618819776714,0.07068195922871943,0.8644338118022329,0.38442461567256847,0.13556618819776714,0.07068195922871943
295,LogisticRegression,1.2764135702006623,0.05493113837674267,61,2,1.1631005662190557,0.6657195226241995,0.6283173099419415,0.16206600417126732,0.05942213844745431,0.8379339958287326,0.37168269005805854,0.16206600417126732,0.05942213844745431
296,XGBoost,0.05346676975436892,0.00821889468558391,61,2,1.9893612632763333,0.6985335664226967,0.5743332985389978,0.07520549625812784,0.45392880962935933,0.9247945037418721,0.42566670146100216,0.07520549625812784,0.45392880962935933
297,XGBoost,0.00013230608911548417,0.2553348308365616,61,3,1.10140297366183,0.5666401916186476,0.6445092738902107,0.250276039749724,0.30946950480731444,0.749723960250276,0.35549072610978927,0.250276039749724,0.30946950480731444
298,XGBoost,6.685510162938969,0.21170799723773884,118,4,1.4682680657104235,0.6985335664226967,0.6256267479654312,0.16930437983069563,0.39379060885519085,0.8306956201693043,0.37437325203456884,0.16930437983069563,0.39379060885519085
299,LogisticRegression,8.573351203969093,0.1532742151313575,61,6,3.069785407020165,0.4925376606541294,0.5606051334842688,0.1336032388663968,0.05179673212160678,0.8663967611336032,0.43939486651573123,0.1336032388663968,0.05179673212160678
300,RandomForest,0.00013230608911548417,0.03913888972320956,247,2,1.1631005662190557,0.68505936587117,0.5194494336322046,0.03202061096797939,0.4532222222222222,0.9679793890320206,0.48055056636779536,0.03202061096797939,0.4532222222222222
301,XGBoost,6.685510162938969,0.21170799723773884,118,4,1.1631005662190557,0.4746456759075064,0.6631650367320201,0.2416881364249785,0.39379060885519085,0.7583118635750214,0.3368349632679799,0.2416881364249785,0.39379060885519085
302,LogisticRegression,2.9544150887131586,0.03913888972320956,226,4,1.10140297366183,0.6746919954946937,0.614346184441173,0.12759170653907495,0.05474785127509108,0.8724082934609251,0.38565381555882705,0.12759170653907495,0.05474785127509108
303,RandomForest,5.398617594403871,0.12279228597366773,61,4,1.10140297366183,0.68505936587117,0.5640479729899972,0.09176788124156546,0.36240170940170935,0.9082321187584346,0.4359520270100028,0.09176788124156546,0.36240170940170935
304,LogisticRegression,2.4370551632385427,0.006296304808966361,61,4,1.1631005662190557,0.68505936587117,0.616469838710258,0.1339712918660287,0.055599482062086196,0.8660287081339713,0.38353016128974204,0.1339712918660287,0.055599482062086196
305,LogisticRegression,8.573351203969093,0.03515337152510662,61,7,3.069785407020165,0.4925376606541294,0.5606051334842688,0.1336032388663968,0.05179673212160678,0.8663967611336032,0.43939486651573123,0.1336032388663968,0.05179673212160678
306,LogisticRegression,0.390531326755893,0.03913888972320956,329,4,1.1631005662190557,0.6121504494283921,0.6493270895498213,0.17163538216169796,0.07068195922871943,0.8283646178383021,0.3506729104501787,0.17163538216169796,0.07068195922871943
307,XGBoost,4.798010910675292,0.005243642585941341,226,2,1.4682680657104235,0.6621402567824255,0.5965740777401439,0.0931174089068826,0.5476125963635803,0.9068825910931174,0.4034259222598561,0.0931174089068826,0.5476125963635803
308,RandomForest,1.2764135702006623,0.08557123905239014,50,2,1.10140297366183,0.6909231631966014,0.5224675422841162,0.032879401300453935,0.3,0.967120598699546,0.4775324577158838,0.032879401300453935,0.3
309,RandomForest,0.0025844142788784548,0.05493113837674267,50,2,1.073562706189867,0.6657195226241995,0.5316334500743278,0.030793767635872896,0.3,0.9692062323641271,0.46836654992567217,0.030793767635872896,0.3
310,RandomForest,8.573351203969093,0.019870675169101744,61,3,1.10140297366183,0.68505936587117,0.5329742317950638,0.04195804195804196,0.33547863247863247,0.958041958041958,0.46702576820493624,0.04195804195804196,0.33547863247863247
311,RandomForest,0.029128822038707182,0.00821889468558391,55,3,1.10140297366183,0.6564572454792283,0.547616648009704,0.06845785793154213,0.3308119658119658,0.9315421420684579,0.452383351990296,0.06845785793154213,0.3308119658119658
312,RandomForest,0.05346676975436892,0.00821889468558391,55,3,1.10140297366183,0.6564572454792283,0.547616648009704,0.06845785793154213,0.3308119658119658,0.9315421420684579,0.452383351990296,0.06845785793154213,0.3308119658119658
313,XGBoost,8.325634591966725,0.14168616125616462,397,7,1.6964373413363374,0.6564572454792283,0.6282957134578491,0.1615752668384247,0.6654938092599086,0.8384247331615753,0.37170428654215093,0.1615752668384247,0.6654938092599086
314,LogisticRegression,8.573351203969093,0.03913888972320956,247,7,3.8372833138904383,0.5363571772752966,0.5492003901764793,0.12538338854128328,0.05179673212160678,0.8746166114587167,0.45079960982352074,0.12538338854128328,0.05179673212160678
315,RandomForest,8.573351203969093,0.03913888972320956,226,4,1.1631005662190557,0.68505936587117,0.5866270971085907,0.12391117654275549,0.49073504273504276,0.8760888234572445,0.41337290289140927,0.12391117654275549,0.49073504273504276
316,XGBoost,0.000514335905740798,0.1532742151313575,125,4,1.4682680657104235,0.6122526869702228,0.6521076368767165,0.2377622377622378,0.43729562120603316,0.7622377622377622,0.34789236312328353,0.2377622377622378,0.43729562120603316
317,RandomForest,0.029128822038707182,0.03913888972320956,247,2,1.1631005662190557,0.6564572454792283,0.5390104490988867,0.04760152128573182,0.4532222222222222,0.9523984787142682,0.46098955090111327,0.04760152128573182,0.4532222222222222
318,XGBoost,0.030156343071857664,0.019870675169101744,61,4,1.1631005662190557,0.6746919954946937,0.579919589090896,0.10661268556005397,0.49218314359099,0.893387314439946,0.420080410909104,0.10661268556005397,0.49218314359099
319,XGBoost,0.000514335905740798,0.1532742151313575,374,4,1.4682680657104235,0.5857306542939991,0.6468506927072273,0.23837565942829103,0.5756289545393665,0.7616243405717089,0.3531493072927727,0.23837565942829103,0.5756289545393665
320,LogisticRegression,8.573351203969093,0.03913888972320956,226,3,1.7809624118259682,0.68505936587117,0.6534592168394986,0.20009814746656854,0.05179673212160678,0.7999018525334315,0.3465407831605014,0.20009814746656854,0.05179673212160678
321,RandomForest,0.030156343071857664,0.1201923064365079,61,4,1.10140297366183,0.68505936587117,0.5640479729899972,0.09176788124156546,0.36240170940170935,0.9082321187584346,0.4359520270100028,0.09176788124156546,0.36240170940170935
322,RandomForest,0.000514335905740798,0.017923641602824468,55,2,1.1631005662190557,0.6543910992944748,0.5311853230294108,0.03337013863329653,0.3038888888888889,0.9666298613667035,0.4688146769705892,0.03337013863329653,0.3038888888888889
323,XGBoost,8.573351203969093,0.03913888972320956,443,7,1.4682680657104235,0.5690811976835592,0.6446118571896495,0.21629247945037416,0.7605729387361118,0.7837075205496258,0.35538814281035047,0.21629247945037416,0.7605729387361118
324,XGBoost,0.19353851786019155,0.006296304808966361,118,8,1.1631005662190557,0.6985335664226967,0.513524798162859,0.02564102564102564,0.6253604655213729,0.9743589743589743,0.486475201837141,0.02564102564102564,0.6253604655213729
325,RandomForest,0.029128822038707182,0.017923641602824468,55,2,1.10140297366183,0.6543910992944748,0.5329742317950638,0.03410624463256042,0.3038888888888889,0.9658937553674396,0.46702576820493624,0.03410624463256042,0.3038888888888889
326,XGBoost,0.000514335905740798,0.1532742151313575,226,4,1.4682680657104235,0.5363571772752966,0.6598103828696689,0.2308919151024414,0.49340673231714427,0.7691080848975587,0.34018961713033113,0.2308919151024414,0.49340673231714427
327,RandomForest,0.004680042838093096,0.10041988907182642,61,2,1.2323344486727978,0.68505936587117,0.5309621593604561,0.030916451969083547,0.3085555555555555,0.9690835480309165,0.4690378406395439,0.030916451969083547,0.3085555555555555
328,XGBoost,0.030156343071857664,0.017923641602824468,61,4,1.1631005662190557,0.6746919954946937,0.5616993553449499,0.09827015090172984,0.4935031663477881,0.9017298490982701,0.43830064465505014,0.09827015090172984,0.4935031663477881
329,RandomForest,0.000514335905740798,0.017923641602824468,55,2,1.5082420506075391,0.6543910992944748,0.5880794606638039,0.1304134462029199,0.3038888888888889,0.8695865537970802,0.4119205393361961,0.1304134462029199,0.3038888888888889
330,XGBoost,2.4370551632385427,0.006296304808966361,247,2,1.1631005662190557,0.6985335664226967,0.5420285577507982,0.04060851429272483,0.5585655937265012,0.9593914857072752,0.45797144224920183,0.04060851429272483,0.5585655937265012
331,XGBoost,0.00013230608911548417,0.006296304808966361,61,3,1.5082420506075391,0.47099587516824604,0.5,0.0,0.4783091834700909,1.0,0.5,0.0,0.4783091834700909
332,RandomForest,0.00019183519184243745,0.08557123905239014,50,2,1.10140297366183,0.6909231631966014,0.5224675422841162,0.032879401300453935,0.3,0.967120598699546,0.4775324577158838,0.032879401300453935,0.3
333,RandomForest,5.275248388285158,0.019870675169101744,55,3,1.10140297366183,0.6564572454792283,0.547616648009704,0.06845785793154213,0.3308119658119658,0.9315421420684579,0.452383351990296,0.06845785793154213,0.3308119658119658
334,LogisticRegression,0.00013230608911548417,0.2637399209859089,329,2,1.1631005662190557,0.6543910992944748,0.6299928371661093,0.16709606183290396,0.1954413318639916,0.8329039381670961,0.3700071628338907,0.16709606183290396,0.1954413318639916
335,RandomForest,0.000514335905740798,0.017923641602824468,55,2,1.5082420506075391,0.6543910992944748,0.5880794606638039,0.1304134462029199,0.3038888888888889,0.8695865537970802,0.4119205393361961,0.1304134462029199,0.3038888888888889
336,XGBoost,0.05346676975436892,0.00821889468558391,61,2,1.9893612632763333,0.6985335664226967,0.5743332985389978,0.07520549625812784,0.45392880962935933,0.9247945037418721,0.42566670146100216,0.07520549625812784,0.45392880962935933
337,RandomForest,0.00019183519184243745,0.006296304808966361,247,2,1.10140297366183,0.6985335664226967,0.5121840164421232,0.022328548644338118,0.4532222222222222,0.9776714513556619,0.4878159835578768,0.022328548644338118,0.4532222222222222
338,RandomForest,1.0784642153666706,0.019870675169101744,61,4,1.2313777977886424,0.68505936587117,0.5855094790568096,0.1269782848730217,0.36240170940170935,0.8730217151269783,0.4144905209431904,0.1269782848730217,0.36240170940170935
339,LogisticRegression,0.390531326755893,0.017923641602824468,329,2,1.1631005662190557,0.68505936587117,0.6155753843274315,0.13556618819776714,0.07068195922871943,0.8644338118022329,0.38442461567256847,0.13556618819776714,0.07068195922871943
340,XGBoost,6.319431665737976,0.1556912771808138,61,7,1.1631005662190557,0.47099587516824604,0.6517602934242306,0.2570236780763096,0.4693321487460222,0.7429763219236905,0.3482397065757694,0.2570236780763096,0.4693321487460222
341,RandomForest,0.00019183519184243745,0.08557123905239014,55,2,1.5082420506075391,0.6543910992944748,0.5880794606638039,0.1304134462029199,0.3038888888888889,0.8695865537970802,0.4119205393361961,0.1304134462029199,0.3038888888888889
342,RandomForest,8.573351203969093,0.017923641602824468,55,2,1.1631005662190557,0.6543910992944748,0.5311853230294108,0.03337013863329653,0.3038888888888889,0.9666298613667035,0.4688146769705892,0.03337013863329653,0.3038888888888889
343,RandomForest,0.19353851786019155,0.1201923064365079,78,4,1.10140297366183,0.68505936587117,0.5567825557999158,0.07814992025518341,0.3756239316239316,0.9218500797448166,0.44321744420008424,0.07814992025518341,0.3756239316239316
344,RandomForest,0.030156343071857664,0.0464232856409331,61,4,1.10140297366183,0.68505936587117,0.5640479729899972,0.09176788124156546,0.36240170940170935,0.9082321187584346,0.4359520270100028,0.09176788124156546,0.36240170940170935
345,RandomForest,0.00042437625290477147,0.005243642585941341,118,2,1.4682680657104235,0.6564572454792283,0.6041760401406651,0.1166728008833272,0.35288888888888886,0.8833271991166728,0.39582395985933494,0.1166728008833272,0.35288888888888886
346,RandomForest,0.8648387367859817,0.005243642585941341,254,2,1.2323344486727978,0.68505936587117,0.528503759587939,0.026745184639921486,0.45866666666666667,0.9732548153600785,0.47149624041206095,0.026745184639921486,0.45866666666666667
347,RandomForest,0.00042437625290477147,0.017923641602824468,118,2,1.4682680657104235,0.6564572454792283,0.6041760401406651,0.1166728008833272,0.35288888888888886,0.8833271991166728,0.39582395985933494,0.1166728008833272,0.35288888888888886
348,LogisticRegression,4.798010910675292,0.005243642585941341,61,13,1.4682680657104235,0.5363571772752966,0.6397958412370466,0.28744939271255054,0.05308313391653621,0.7125506072874495,0.3602041587629534,0.28744939271255054,0.05308313391653621
349,RandomForest,0.00042437625290477147,0.017923641602824468,61,2,1.4682680657104235,0.6746919954946937,0.5467221936268776,0.06220095693779905,0.3085555555555555,0.937799043062201,0.4532778063731224,0.06220095693779905,0.3085555555555555
350,RandomForest,0.00013230608911548417,0.019870675169101744,55,2,1.1631005662190557,0.6543910992944748,0.5311853230294108,0.03337013863329653,0.3038888888888889,0.9666298613667035,0.4688146769705892,0.03337013863329653,0.3038888888888889
351,LogisticRegression,8.573351203969093,0.1808000307959923,61,15,4.764483250134694,0.3535313451998772,0.5053667262969589,0.006134216660532488,0.05179673212160678,0.9938657833394675,0.4946332737030411,0.006134216660532488,0.05179673212160678
352,XGBoost,0.19353851786019155,0.006296304808966361,118,8,1.1631005662190557,0.6985335664226967,0.513524798162859,0.02564102564102564,0.6253604655213729,0.9743589743589743,0.486475201837141,0.02564102564102564,0.6253604655213729
353,LogisticRegression,0.19353851786019155,0.03913888972320956,118,8,1.4682680657104235,0.68505936587117,0.6439639626668778,0.1662372715004294,0.07962726690203455,0.8337627284995706,0.35603603733312217,0.1662372715004294,0.07962726690203455
354,RandomForest,0.004680042838093096,0.2637399209859089,329,2,1.2323344486727978,0.6746919954946937,0.5339802680123676,0.047478836952521156,0.517,0.9525211630474788,0.46601973198763236,0.047478836952521156,0.517
355,RandomForest,2.4370551632385427,0.019870675169101744,103,2,1.6611379605718297,0.6985335664226967,0.5487342660614851,0.06146485093853515,0.3412222222222222,0.9385351490614648,0.4512657339385149,0.06146485093853515,0.3412222222222222
356,XGBoost,2.4370551632385427,0.006296304808966361,247,3,1.076515865749148,0.6985335664226967,0.5480647750546211,0.054103790945896214,0.5816425168034243,0.9458962090541038,0.45193522494537886,0.054103790945896214,0.5816425168034243
357,XGBoost,0.029128822038707182,0.005243642585941341,118,2,1.4682680657104235,0.6543910992944748,0.5582367190621367,0.053613053613053616,0.4876125963635803,0.9463869463869464,0.4417632809378633,0.053613053613053616,0.4876125963635803
358,RandomForest,0.00013230608911548417,0.03913888972320956,104,2,1.1631005662190557,0.68505936587117,0.5274977233706353,0.029076186970923817,0.34199999999999997,0.9709238130290762,0.4725022766293647,0.029076186970923817,0.34199999999999997
359,XGBoost,6.319431665737976,0.11106624675834739,278,7,1.1631005662190557,0.5363571772752966,0.634888040227051,0.1788737578211262,0.6201419622151144,0.8211262421788739,0.36511195977294897,0.1788737578211262,0.6201419622151144
360,LogisticRegression,4.798010910675292,0.005243642585941341,61,13,1.4682680657104235,0.5363571772752966,0.6397958412370466,0.28744939271255054,0.05308313391653621,0.7125506072874495,0.3602041587629534,0.28744939271255054,0.05308313391653621
361,RandomForest,0.030156343071857664,0.1201923064365079,61,4,1.10140297366183,0.68505936587117,0.5640479729899972,0.09176788124156546,0.36240170940170935,0.9082321187584346,0.4359520270100028,0.09176788124156546,0.36240170940170935
362,XGBoost,0.19353851786019155,0.005243642585941341,118,8,1.4682680657104235,0.6897579230664665,0.5392336127678414,0.061832903938167094,0.6260741348251188,0.9381670960618329,0.46076638723215857,0.061832903938167094,0.6260741348251188
363,RandomForest,5.275248388285158,0.019870675169101744,55,2,1.1631005662190557,0.6543910992944748,0.5311853230294108,0.03337013863329653,0.3038888888888889,0.9666298613667035,0.4688146769705892,0.03337013863329653,0.3038888888888889
364,LogisticRegression,0.00013230608911548417,0.005243642585941341,118,2,1.1631005662190557,0.6543910992944748,0.6299928371661093,0.16709606183290396,0.1954413318639916,0.8329039381670961,0.3700071628338907,0.16709606183290396,0.1954413318639916
365,XGBoost,0.0012893753210842535,0.2637399209859089,61,2,1.10140297366183,0.6746919954946937,0.6247376927036279,0.14059624585940375,0.28069421552744406,0.8594037541405962,0.3752623072963721,0.14059624585940375,0.28069421552744406
366,XGBoost,0.004680042838093096,0.11106624675834739,278,6,1.2323344486727978,0.5363571772752966,0.6451715660690439,0.21298000245368665,0.5970650391381913,0.7870199975463134,0.3548284339309561,0.21298000245368665,0.5970650391381913
367,XGBoost,2.4370551632385427,0.006296304808966361,247,2,1.0399151066337975,0.6985335664226967,0.5172141975286423,0.014599435652067231,0.5585655937265012,0.9854005643479328,0.4827858024713577,0.014599435652067231,0.5585655937265012
368,RandomForest,0.0012893753210842535,0.10041988907182642,61,2,1.0456719338162945,0.6746919954946937,0.5274977233706353,0.025150288308183045,0.3085555555555555,0.974849711691817,0.4725022766293647,0.025150288308183045,0.3085555555555555
369,RandomForest,0.029128822038707182,0.005243642585941341,118,2,1.4682680657104235,0.6746919954946937,0.5517523747133967,0.06624953993375046,0.35288888888888886,0.9337504600662495,0.44824762528660334,0.06624953993375046,0.35288888888888886
370,XGBoost,8.573351203969093,0.03913888972320956,247,7,1.4682680657104235,0.5363571772752966,0.6567922742177574,0.2575144154091522,0.651684049847223,0.7424855845908478,0.34320772578224257,0.2575144154091522,0.651684049847223
371,RandomForest,0.9860891468435591,0.10041988907182642,61,2,1.2323344486727978,0.68505936587117,0.5309621593604561,0.030916451969083547,0.3085555555555555,0.9690835480309165,0.4690378406395439,0.030916451969083547,0.3085555555555555
372,RandomForest,2.4370551632385427,0.006296304808966361,247,2,1.1631005662190557,0.6985335664226967,0.5154252887629893,0.03349282296650718,0.4532222222222222,0.9665071770334929,0.4845747112370107,0.03349282296650718,0.4532222222222222
373,XGBoost,0.030156343071857664,0.005243642585941341,118,4,1.1631005662190557,0.6746919954946937,0.5040241448692153,0.006379585326953748,0.5337664425174264,0.9936204146730463,0.4959758551307847,0.006379585326953748,0.5337664425174264
374,RandomForest,5.275248388285158,0.017923641602824468,61,4,1.2658533031050885,0.6897579230664665,0.5865155152741134,0.12857318120476013,0.36240170940170935,0.8714268187952399,0.4134844847258866,0.12857318120476013,0.36240170940170935
375,LogisticRegression,8.573351203969093,0.1808000307959923,61,15,4.764483250134694,0.3535313451998772,0.5053667262969589,0.006134216660532488,0.05179673212160678,0.9938657833394675,0.4946332737030411,0.006134216660532488,0.05179673212160678
376,XGBoost,4.798010910675292,0.005243642585941341,118,10,1.4682680657104235,0.6985335664226967,0.506036217303823,0.009569377990430622,0.6722279809789649,0.9904306220095693,0.493963782696177,0.009569377990430622,0.6722279809789649
377,RandomForest,0.19353851786019155,0.1201923064365079,61,4,1.10140297366183,0.68505936587117,0.5640479729899972,0.09176788124156546,0.36240170940170935,0.9082321187584346,0.4359520270100028,0.09176788124156546,0.36240170940170935
378,LogisticRegression,2.4370551632385427,0.2637399209859089,247,10,1.1631005662190557,0.68505936587117,0.616469838710258,0.1339712918660287,0.055599482062086196,0.8660287081339713,0.38353016128974204,0.1339712918660287,0.055599482062086196
379,LogisticRegression,1.0784642153666706,0.03913888972320956,137,4,1.1631005662190557,0.6543910992944748,0.629881255331632,0.16390626916942705,0.06068501446013549,0.8360937308305729,0.370118744668368,0.16390626916942705,0.06068501446013549
380,RandomForest,1.0784642153666706,0.017923641602824468,61,2,1.1631005662190557,0.6034861284655683,0.5652771728762558,0.08403876824929457,0.3085555555555555,0.9159612317507054,0.4347228271237442,0.08403876824929457,0.3085555555555555
381,LogisticRegression,0.00013230608911548417,0.005243642585941341,459,2,1.1631005662190557,0.6543910992944748,0.6299928371661093,0.16709606183290396,0.1954413318639916,0.8329039381670961,0.3700071628338907,0.16709606183290396,0.1954413318639916
382,XGBoost,0.030156343071857664,0.019870675169101744,61,4,1.1631005662190557,0.6746919954946937,0.579919589090896,0.10661268556005397,0.49218314359099,0.893387314439946,0.420080410909104,0.10661268556005397,0.49218314359099
383,RandomForest,0.0459748511771579,0.017923641602824468,102,2,1.4682680657104235,0.6746919954946937,0.5487342660614851,0.06146485093853515,0.34044444444444444,0.9385351490614648,0.4512657339385149,0.06146485093853515,0.34044444444444444
384,RandomForest,0.28959736922637136,0.1201923064365079,78,4,1.2323344486727978,0.68505936587117,0.5865155152741134,0.1246472825420194,0.3756239316239316,0.8753527174579806,0.4134844847258866,0.1246472825420194,0.3756239316239316
385,RandomForest,4.798010910675292,0.015073109678125288,50,2,1.10140297366183,0.6909231631966014,0.5224675422841162,0.032879401300453935,0.3,0.967120598699546,0.4775324577158838,0.032879401300453935,0.3
386,LogisticRegression,8.573351203969093,0.10041988907182642,226,7,1.1631005662190557,0.68505936587117,0.6132285663893918,0.12673291620660043,0.05179673212160678,0.8732670837933996,0.3867714336106082,0.12673291620660043,0.05179673212160678
387,RandomForest,0.00013230608911548417,0.03913888972320956,55,2,1.1631005662190557,0.6543910992944748,0.5311853230294108,0.03337013863329653,0.3038888888888889,0.9666298613667035,0.4688146769705892,0.03337013863329653,0.3038888888888889
388,RandomForest,0.0459748511771579,0.017923641602824468,102,2,1.2323344486727978,0.6746919954946937,0.5310737411949334,0.030180345969819652,0.34044444444444444,0.9698196540301803,0.46892625880506655,0.030180345969819652,0.34044444444444444
389,LogisticRegression,8.573351203969093,0.03913888972320956,226,7,1.1631005662190557,0.5363571772752966,0.6493108921867521,0.25076677708256656,0.05179673212160678,0.7492332229174334,0.3506891078132479,0.25076677708256656,0.05179673212160678
390,LogisticRegression,1.0784642153666706,0.03913888972320956,137,4,1.1631005662190557,0.6543910992944748,0.629881255331632,0.16390626916942705,0.06068501446013549,0.8360937308305729,0.370118744668368,0.16390626916942705,0.06068501446013549
391,LogisticRegression,1.0784642153666706,0.03913888972320956,137,2,1.1631005662190557,0.6543910992944748,0.629881255331632,0.16390626916942705,0.06068501446013549,0.8360937308305729,0.370118744668368,0.16390626916942705,0.06068501446013549
392,RandomForest,0.19353851786019155,0.019870675169101744,55,3,1.10140297366183,0.6564572454792283,0.547616648009704,0.06845785793154213,0.3308119658119658,0.9315421420684579,0.452383351990296,0.06845785793154213,0.3308119658119658
393,LogisticRegression,3.197455275249983,0.14678575114329687,329,15,1.5082420506075391,0.6543910992944748,0.6541305075533703,0.1960495644706171,0.05443176184336143,0.803950435529383,0.3458694924466297,0.1960495644706171,0.05443176184336143
394,LogisticRegression,8.573351203969093,0.03913888972320956,226,13,1.1631005662190557,0.5363571772752966,0.6493108921867521,0.25076677708256656,0.05179673212160678,0.7492332229174334,0.3506891078132479,0.25076677708256656,0.05179673212160678
395,RandomForest,2.4370551632385427,0.019870675169101744,103,2,1.6611379605718297,0.6985335664226967,0.5487342660614851,0.06146485093853515,0.3412222222222222,0.9385351490614648,0.4512657339385149,0.06146485093853515,0.3412222222222222
396,LogisticRegression,8.573351203969093,0.03913888972320956,118,9,1.10140297366183,0.6897579230664665,0.5981380231298344,0.1106612685560054,0.05179673212160678,0.8893387314439946,0.40186197687016556,0.1106612685560054,0.05179673212160678
397,LogisticRegression,1.0784642153666706,0.2637399209859089,137,10,1.1631005662190557,0.6543910992944748,0.629881255331632,0.16390626916942705,0.06068501446013549,0.8360937308305729,0.370118744668368,0.16390626916942705,0.06068501446013549
398,XGBoost,2.4370551632385427,0.11299288210203001,118,2,1.1631005662190557,0.5520988877824631,0.6712223250054891,0.2562875720770457,0.41456226448826594,0.7437124279229543,0.32877767499451094,0.2562875720770457,0.41456226448826594
399,XGBoost,0.24249562909076766,0.005243642585941341,118,2,1.4682680657104235,0.6564572454792283,0.5542125741929214,0.04723346828609987,0.4876125963635803,0.9527665317139001,0.44578742580707864,0.04723346828609987,0.4876125963635803
400,RandomForest,0.00042437625290477147,0.005243642585941341,55,2,1.4682680657104235,0.6564572454792283,0.5694128995799483,0.10145994356520673,0.3038888888888889,0.8985400564347933,0.43058710042005166,0.10145994356520673,0.3038888888888889
401,LogisticRegression,0.004680042838093096,0.10041988907182642,61,10,4.457732987473456,0.5347746026235628,0.5374591016582501,0.09937430990062579,0.13744072368776036,0.9006256900993742,0.46254089834174994,0.09937430990062579,0.13744072368776036
402,LogisticRegression,8.573351203969093,0.22357238650549102,226,5,3.3874075075510377,0.3535313451998772,0.5133052339079198,0.02392344497607657,0.05179673212160678,0.9760765550239234,0.4866947660920802,0.02392344497607657,0.05179673212160678
403,XGBoost,0.24249562909076766,0.005243642585941341,118,2,1.4682680657104235,0.6564572454792283,0.5542125741929214,0.04723346828609987,0.4876125963635803,0.9527665317139001,0.44578742580707864,0.04723346828609987,0.4876125963635803
404,RandomForest,0.005123024001092559,0.006296304808966361,247,3,1.10140297366183,0.6985335664226967,0.5338686861778903,0.04428904428904429,0.48014529914529913,0.9557109557109558,0.4661313138221097,0.04428904428904429,0.48014529914529913
405,XGBoost,8.046176210353696,0.11106624675834739,278,8,1.2323344486727978,0.5363571772752966,0.6362270222407791,0.19359587780640414,0.6432188852920374,0.8064041221935958,0.3637729777592209,0.19359587780640414,0.6432188852920374
406,XGBoost,0.24249562909076766,0.2637399209859089,329,2,1.4682680657104235,0.6746919954946937,0.650106362684155,0.18181818181818182,0.42958310441633296,0.8181818181818181,0.349893637315845,0.18181818181818182,0.42958310441633296
407,LogisticRegression,4.798010910675292,0.005243642585941341,118,11,1.4682680657104235,0.5363571772752966,0.6397958412370466,0.28744939271255054,0.05308313391653621,0.7125506072874495,0.3602041587629534,0.28744939271255054,0.05308313391653621
408,XGBoost,0.0012893753210842535,0.2637399209859089,61,2,1.4682680657104235,0.6746919954946937,0.6562541618224553,0.1945773524720893,0.28069421552744406,0.8054226475279107,0.34374583817754467,0.1945773524720893,0.28069421552744406
409,LogisticRegression,4.798010910675292,0.005243642585941341,118,8,1.4682680657104235,0.5363571772752966,0.6397958412370466,0.28744939271255054,0.05308313391653621,0.7125506072874495,0.3602041587629534,0.28744939271255054,0.05308313391653621
410,LogisticRegression,0.00013230608911548417,0.005243642585941341,459,2,1.1631005662190557,0.6543910992944748,0.6299928371661093,0.16709606183290396,0.1954413318639916,0.8329039381670961,0.3700071628338907,0.16709606183290396,0.1954413318639916
411,RandomForest,0.19353851786019155,0.006186071502745475,78,2,1.10140297366183,0.68505936587117,0.52347357850142,0.03447429763219237,0.3217777777777778,0.9655257023678077,0.47652642149858004,0.03447429763219237,0.3217777777777778
412,XGBoost,0.030156343071857664,0.2637399209859089,329,2,1.1631005662190557,0.6746919954946937,0.6254053840034842,0.13188565820144768,0.42958310441633296,0.8681143417985523,0.3745946159965158,0.13188565820144768,0.42958310441633296
413,LogisticRegression,8.573351203969093,0.10041988907182642,226,13,1.1631005662190557,0.5363571772752966,0.6493108921867521,0.25076677708256656,0.05179673212160678,0.7492332229174334,0.3506891078132479,0.25076677708256656,0.05179673212160678
414,RandomForest,1.0784642153666706,0.017923641602824468,61,2,1.4682680657104235,0.6564572454792283,0.5723194263973825,0.0991289412342044,0.3085555555555555,0.9008710587657955,0.42768057360261746,0.0991289412342044,0.3085555555555555
415,XGBoost,0.005166848560283419,0.17237105803693847,61,6,1.2323344486727978,0.6746919954946937,0.6212678575927839,0.12980002453686665,0.4349468996649469,0.8701999754631333,0.3787321424072161,0.12980002453686665,0.4349468996649469
416,XGBoost,4.798010910675292,0.005243642585941341,226,2,1.1631005662190557,0.6564572454792283,0.5582367190621367,0.057538952275794385,0.5476125963635803,0.9424610477242056,0.4417632809378633,0.057538952275794385,0.5476125963635803
417,LogisticRegression,0.004680042838093096,0.20065991352920404,61,13,4.457732987473456,0.5347746026235628,0.5374591016582501,0.09937430990062579,0.13744072368776036,0.9006256900993742,0.46254089834174994,0.09937430990062579,0.13744072368776036
418,XGBoost,2.4370551632385427,0.11299288210203001,118,2,1.1631005662190557,0.5520988877824631,0.6712223250054891,0.2562875720770457,0.41456226448826594,0.7437124279229543,0.32877767499451094,0.2562875720770457,0.41456226448826594
419,RandomForest,0.19353851786019155,0.1201923064365079,111,4,1.10140297366183,0.68505936587117,0.5617011550519575,0.0868605079131395,0.4012905982905983,0.9131394920868605,0.4382988449480425,0.0868605079131395,0.4012905982905983
